"SCHOOL_DISTRICT_NUMBER","SCHOOL_DISTRICT_NAME","year","GRADE","NUMBER_WRITERS","AVG_SCORE","MEDIAN_SCORE","STDEV_SCORE","pm25","burned_ha_75km","fire_count_75km","AVG_SCORE_Z"
5,"Southeast Kootenay",2017,"04","396",420.9338,446,137.5929,14.6904441356659,71143,39,0.227443958226112
6,"Rocky Mountain",2017,"04","268",453.2482,468,121.3503,13.1408330440521,64086,71,0.371062364834415
8,"Kootenay Lake",2017,"04","301",360.7241,426,204.1835,11.7619645118713,26208,65,-0.0401525676683476
10,"Arrow Lakes",2017,"04","Msk",387.4815,488,225.9837,10.9250835418701,13292,49,0.0787682587428187
19,"Revelstoke",2017,"04","50",379.2857,455,210.1921,11.9732576847076,6861,41,0.0423427723689321
20,"Kootenay-Columbia",2017,"04","132",216.3659,0,240.956,12.9097713470459,5658,29,-0.681739434973409
22,"Vernon",2017,"04","578",398.7214,433,178.5222,12.2126008033752,9176,47,0.128722970216238
23,"Central Okanagan",2017,"04","1245",332.7934,416,226.5752,12.4643644332886,19202,29,-0.164288019029181
27,"Cariboo-Chilcotin",2017,"04","323",399.3207,412,129.0022,24.699343919754,922743,85,0.13138650446352
28,"Quesnel",2017,"04","181",294.1102,347,195.1203,38.1033762931824,703634,75,-0.336211976970851
33,"Chilliwack",2017,"04","927",416.3516,451,169.3069,7.18340225219727,13992,7,0.207078787814142
34,"Abbotsford",2017,"04","1365",438.9781,460,148.5628,7.37585678100586,188,5,0.307640205545022
35,"Langley",2017,"04","1269",401.4256,463,200.6304,7.6218918800354,188,5,0.140741540734341
36,"Surrey",2017,"04","3589",298.6037,384,232.0323,7.98386421203613,187,4,-0.316241025627351
37,"Delta",2017,"04","828",352.4995,430,221.3538,9.32007856369018,6,4,-0.0767060530182426
38,"Richmond",2017,"04","873",334.8769,450,262.4874,9.45453939437866,6,3,-0.155028093108589
39,"Vancouver",2017,"04","2025",276.5051,356,259.0575,8.98673791885376,21,4,-0.414456239905636
40,"New Westminster",2017,"04","404",386.2851,447,213.0177,7.04145193099976,3,2,0.0734509679478118
41,"Burnaby",2017,"04","1239",349.1842,440,242.1269,7.13312187194824,3,2,-0.0914406018085191
42,"Maple Ridge-Pitt Meadows",2017,"04","414",163.2766,0,223.3596,6.58701343536377,191,6,-0.917689991813399
43,"Coquitlam",2017,"04","1810",385.0761,447,205.1653,7.08574075698853,187,4,0.0680776776008013
44,"North Vancouver",2017,"04","1122",470.5467,497,152.0433,6.78213005065918,3,2,0.447943972003779
45,"West Vancouver",2017,"04","424",525.8095,597,213.9574,7.78619346618652,3,1,0.693554451564387
46,"Sunshine Coast",2017,"04","225",419.0264,479,192.3499,8.22202930450439,25,8,0.218966692710903
47,"qathet",2017,"04","118",326.7032,398,196.1057,7.65931816101074,23,8,-0.191355358046025
48,"Sea to Sky",2017,"04","363",404.7665,459,183.9551,7.28195652961731,181046,13,0.15558986639218
49,"Central Coast",2017,"04","23",381.1923,394,177.5525,6.5135283946991,441729,7,0.0508164823570299
50,"Haida Gwaii",2017,"04","28",381.1212,430,175.9749,3.18260130882263,0,0,0.0505004848850096
51,"Boundary",2017,"04","53",287.881,393.5,232.3528,13.028383731842,16440,37,-0.36389708882329
52,"Prince Rupert",2017,"04","137",401,400,119.7767,3.09485187530518,0,0,0.138850000311109
53,"Okanagan Similkameen",2017,"04","181",442.0923,468,151.4596,22.8743590831757,18916,20,0.321480983707686
54,"Bulkley Valley",2017,"04","133",467.087,472,128.2136,4.31452860832214,210,7,0.432567650569906
57,"Prince George",2017,"04","936",410.3009,423,141.0195,8.16443724632263,453970,72,0.180187002948421
58,"Nicola-Similkameen",2017,"04","129",428.7483,453,171.5936,15.0864860057831,198308,40,0.262174791490557
59,"Peace River South",2017,"04","261",450.5091,467,137.3313,5.14294891357422,581,14,0.35888868444608
60,"Peace River North",2017,"04","473",457.5178,470,152.1689,3.93157362937927,470,16,0.390038213027629
61,"Greater Victoria",2017,"04","997",307.302,396,235.3798,8.37495079040527,3,2,-0.277582223786654
62,"Sooke",2017,"04","319",175.3034,0,228.6431,5.18103227615356,19,4,-0.864237974985089
63,"Saanich",2017,"04","360",383.0022,458,219.7258,7.15465593338013,3,2,0.0588604180055448
64,"Gulf Islands",2017,"04","65",243.6176,0,262.3848,7.74830913543701,18,3,-0.560621737248324
67,"Okanagan Skaha",2017,"04","387",453.2948,469,135.1002,13.1425912857056,18928,23,0.37126947428865
68,"Nanaimo-Ladysmith",2017,"04","742",293.5357,370,221.1089,7.02901539802551,24,7,-0.338765289877681
69,"Qualicum",2017,"04","296",404.5368,435,155.3162,7.13340711593628,24,8,0.154568985670337
70,"Pacific Rim",2017,"04","263",438.75,437.5,143.9757,4.65929574966431,21,7,0.306626435877402
71,"Comox Valley",2017,"04","545",392.6092,447,189.083,6.21878819465637,19,6,0.101557854203833
72,"Campbell River",2017,"04","401",382.2495,416,165.7871,7.59738283157349,24893,10,0.055515111434664
73,"Kamloops-Thompson",2017,"04","1005",429.4825,457,154.7586,14.3830002784729,209031,71,0.265437876496988
74,"Gold Trail",2017,"04","86",367.4659,363.5,108.816,13.2089817047119,428476,40,-0.010189251819319
75,"Mission",2017,"04","356",328.0907,395,211.9319,6.52634077072144,192,8,-0.185188740712297
78,"Fraser-Cascade",2017,"04","113",332.366,380,215.9159,8.42314310073852,194997,18,-0.166187559388414
79,"Cowichan Valley",2017,"04","336",252.0051,338.5,227.2695,4.94328417778015,21,6,-0.523344257690383
81,"Fort Nelson",2017,"04","57",574.3898,598,128.0403,4.51610283851624,3779,17,0.909465168723095
82,"Coast Mountains",2017,"04","265",362.2045,399,171.7794,3.70822887420654,232,4,-0.0335730647488155
83,"K̓wsaltktnéws ne Secwepemcúl’ecw",2017,"04","445",422.8093,443,132.7808,13.4093273162842,8841,47,0.235779447097756
84,"Vancouver Island West",2017,"04","26",283.2353,304,193.3018,4.4329674243927,96,6,-0.384544479199722
85,"Vancouver Island North",2017,"04","94",427.7333,459,172.6304,6.16523199081421,31466,7,0.257663716468046
87,"Stikine",2017,"04","Msk",165.8182,0,232.9394,2.9243688583374,204,5,-0.906394082180676
91,"Nechako Lakes",2017,"04","243",362.8357,393,183.1484,4.86771893501282,453095,50,-0.0307677538579694
92,"Nisga'a",2017,"04","34",356.5278,356.5,121.829,3.017711353302,0,0,-0.0588026406899856
5,"Southeast Kootenay",2017,"07","407",398.3034,415,138.8085,14.6904441356659,71143,39,0.144921864843653
6,"Rocky Mountain",2017,"07","234",436.7976,468,143.0477,13.1408330440521,64086,71,0.314558949836705
8,"Kootenay Lake",2017,"07","270",349.8125,411.5,193.1341,11.7619645118713,26208,65,-0.068768897003317
10,"Arrow Lakes",2017,"07","Msk",297.2,329,232.3532,10.9250835418701,13292,49,-0.300622816144304
19,"Revelstoke",2017,"07","63",398.6494,462,216.6968,11.9732576847076,6861,41,0.146446625233727
20,"Kootenay-Columbia",2017,"07","150",245.1474,261,244.9145,12.9097713470459,5658,29,-0.530009355682971
22,"Vernon",2017,"07","587",411.705,440,157.181,12.2126008033752,9176,47,0.203980329709604
23,"Central Okanagan",2017,"07","1048",286.1175,377,228.1123,12.4643644332886,19202,29,-0.349461420257015
27,"Cariboo-Chilcotin",2017,"07","310",385.1015,404,140.4909,24.699343919754,922743,85,0.0867434423184466
28,"Quesnel",2017,"07","100",177.7661,0,205.8576,38.1033762931824,703634,75,-0.826946746641671
33,"Chilliwack",2017,"07","795",365.5584,420.5,192.529,7.18340225219727,13992,7,0.000620480528677671
34,"Abbotsford",2017,"07","1296",441.9279,458,138.3764,7.37585678100586,188,5,0.337167268418202
35,"Langley",2017,"07","1208",376.0404,445,213.2923,7.6218918800354,188,5,0.0468127880684414
36,"Surrey",2017,"07","3702",325.8893,412,233.615,7.98386421203613,187,4,-0.174194179557723
37,"Delta",2017,"07","772",331.052,418,229.2676,9.32007856369018,6,4,-0.151443079945479
38,"Richmond",2017,"07","941",356.285,470,264.8873,9.45453939437866,6,3,-0.0402457420184741
39,"Vancouver",2017,"07","1957",282.1475,364.5,269.5104,8.98673791885376,21,4,-0.366956503345439
40,"New Westminster",2017,"07","410",401.5198,448,191.6052,7.04145193099976,3,2,0.159095966920632
41,"Burnaby",2017,"07","1204",367.9535,461,244.7525,7.13312187194824,3,2,0.0111752597491021
42,"Maple Ridge-Pitt Meadows",2017,"07","257",121.6411,0,210.4702,6.58701343536377,191,6,-1.07427962783507
43,"Coquitlam",2017,"07","1879",392.6883,449,206.3805,7.08574075698853,187,4,0.120177118987277
44,"North Vancouver",2017,"07","1119",473.7913,500,147.7303,6.78213005065918,3,2,0.477583598513843
45,"West Vancouver",2017,"07","474",527.4646,571,186.0091,7.78619346618652,3,1,0.714112274365208
46,"Sunshine Coast",2017,"07","220",450.3429,488,175.3877,8.22202930450439,25,8,0.37425067501495
47,"qathet",2017,"07","108",349.6547,428,204.1713,7.65931816101074,23,8,-0.0694642935049174
48,"Sea to Sky",2017,"07","312",425.0427,435,134.5353,7.28195652961731,181046,13,0.262757198653804
49,"Central Coast",2017,"07","21",304.5185,350,196.6892,6.5135283946991,441729,7,-0.268371489801072
50,"Haida Gwaii",2017,"07","38",359.9333,412,170.4753,3.18260130882263,0,0,-0.0241683335470643
51,"Boundary",2017,"07","78",362.396,430,212.6129,13.028383731842,16440,37,-0.0133156531637235
52,"Prince Rupert",2017,"07","102",344.552,395,181.5676,3.09485187530518,0,0,-0.0919509838009631
53,"Okanagan Similkameen",2017,"07","144",421.6564,454,174.5803,22.8743590831757,18916,20,0.247834377529791
54,"Bulkley Valley",2017,"07","123",456.7923,465.5,145.0845,4.31452860832214,210,7,0.402672032413057
57,"Prince George",2017,"07","873",404.2996,416,137.9422,8.16443724632263,453970,72,0.171346050540078
58,"Nicola-Similkameen",2017,"07","156",417.7485,441,157.0484,15.0864860057831,198308,40,0.230612958083632
59,"Peace River South",2017,"07","252",436.4701,456.5,138.3859,5.14294891357422,581,14,0.313115715652459
60,"Peace River North",2017,"07","386",425.7242,448,152.354,3.93157362937927,470,16,0.265760447803618
61,"Greater Victoria",2017,"07","892",301.7981,391,234.9946,8.37495079040527,3,2,-0.280359808197482
62,"Sooke",2017,"07","212",116.1841,0,198.545,5.18103227615356,19,4,-1.09832765514327
63,"Saanich",2017,"07","345",303.5387,408,248.6767,7.15465593338013,3,2,-0.272689293934582
64,"Gulf Islands",2017,"07","54",215.8158,0,235.6717,7.74830913543701,18,3,-0.659268493999451
67,"Okanagan Skaha",2017,"07","427",430.6826,436.5,107.1576,13.1425912857056,18928,23,0.287611233694208
68,"Nanaimo-Ladysmith",2017,"07","649",274.8464,344,231.5579,7.02901539802551,24,7,-0.399131150986974
69,"Qualicum",2017,"07","286",402.2384,443,166.09,7.13340711593628,24,8,0.162262709164295
70,"Pacific Rim",2017,"07","261",430.6509,449,138.0235,4.65929574966431,21,7,0.287471537438817
71,"Comox Valley",2017,"07","497",377.6459,427,198.2775,6.21878819465637,19,6,0.0538879406877021
72,"Campbell River",2017,"07","250",285.314,355,207.8311,7.59738283157349,24893,10,-0.353002301683097
73,"Kamloops-Thompson",2017,"07","970",425.2294,447,153.3592,14.3830002784729,209031,71,0.263579952309373
74,"Gold Trail",2017,"07","96",371.2358,388.5,144.2799,13.2089817047119,428476,40,0.0256397713917052
75,"Mission",2017,"07","382",364.4051,395,156.0146,6.52634077072144,192,8,-0.00446190721083862
78,"Fraser-Cascade",2017,"07","96",270.9643,336.5,201.0177,8.42314310073852,194997,18,-0.416238874427168
79,"Cowichan Valley",2017,"07","320",252.9231,327,230.8996,4.94328417778015,21,6,-0.495743230350311
81,"Fort Nelson",2017,"07","48",484.8214,556.5,207.1062,4.51610283851624,3779,17,0.526191285157075
82,"Coast Mountains",2017,"07","202",235.8216,311,209.6747,3.70822887420654,232,4,-0.571106495699603
83,"K̓wsaltktnéws ne Secwepemcúl’ecw",2017,"07","437",390.4062,418,154.1623,13.4093273162842,8841,47,0.110120310645692
84,"Vancouver Island West",2017,"07","Msk",273.88,345,167.9879,4.4329674243927,96,6,-0.403389903706534
85,"Vancouver Island North",2017,"07","90",390.7129,427,161.2596,6.16523199081421,31466,7,0.111471882933657
87,"Stikine",2017,"07","Msk",226.0909,343,185.777,2.9243688583374,204,5,-0.613987957918376
91,"Nechako Lakes",2017,"07","219",330.5842,388,191.1106,4.86771893501282,453095,50,-0.153504591247435
92,"Nisga'a",2017,"07","32",307.8,314,116.8541,3.017711353302,0,0,-0.253910503616018
5,"Southeast Kootenay",2018,"04","388",397.5348,440,175.1103,12.6376718997955,29665,30,0.156706285462064
6,"Rocky Mountain",2018,"04","272",451.1601,460,124.1724,11.2446471691132,52689,118,0.390595293808747
8,"Kootenay Lake",2018,"04","307",358.6796,427,204.0386,12.8882201194763,50016,105,-0.012762308599173
10,"Arrow Lakes",2018,"04","28",369.9444,455,226.3976,11.3472407341003,42319,99,0.0363695918512433
19,"Revelstoke",2018,"04","76",444.4512,476,154.3991,10.9126792907715,27508,120,0.361334143417102
20,"Kootenay-Columbia",2018,"04","136",226.7722,0,243.6712,16.2485754013062,36779,55,-0.58808199873777
22,"Vernon",2018,"04","598",399.428,451,181.6904,11.6817746162415,26764,114,0.16496355713424
23,"Central Okanagan",2018,"04","1350",361.9404,445,222.6969,11.4885717391968,52917,73,0.00145980817065144
27,"Cariboo-Chilcotin",2018,"04","336",405.9368,431,151.377,21.8169348716736,313638,139,0.19335196293387
28,"Quesnel",2018,"04","151",219.9486,241,198.9039,24.9274497032166,407068,90,-0.61784341801849
33,"Chilliwack",2018,"04","997",424.0081,454,168.9602,7.45417404174805,25548,14,0.272170700293575
34,"Abbotsford",2018,"04","1425",441.7021,461,142.2186,6.900634765625,6328,9,0.349343827785379
35,"Langley",2018,"04","1480",425.8438,464,169.5468,6.34212689399719,555,7,0.280177183289885
36,"Surrey",2018,"04","3425",285.7478,365,234.6624,7.08564748764038,555,7,-0.330857431217389
37,"Delta",2018,"04","890",380.6993,451,206.8469,7.14067115783691,415,10,0.0832775419394992
38,"Richmond",2018,"04","833",313.5968,420,274.2494,7.22820310592651,413,9,-0.209392842796499
39,"Vancouver",2018,"04","1944",265.7451,316.5,260.0563,6.87643928527832,328,7,-0.41810005116089
40,"New Westminster",2018,"04","367",331.2464,437,252.6588,8.44393920898438,130,6,-0.132413367777886
41,"Burnaby",2018,"04","1127",327.7866,446,259.2241,7.83513355255127,130,6,-0.147503431443317
42,"Maple Ridge-Pitt Meadows",2018,"04","330",134.3735,0,213.6147,6.32425827980042,2255,13,-0.991082826994631
43,"Coquitlam",2018,"04","1791",356.658,436,221.7337,5.41067371368408,970,11,-0.0215796022884139
44,"North Vancouver",2018,"04","991",424.286,474,187.8261,4.82933602333069,320,10,0.273382772867893
45,"West Vancouver",2018,"04","466",501.6654,564,211.9371,5.50861539840698,327,6,0.610876290525814
46,"Sunshine Coast",2018,"04","226",391.5824,448,199.8279,6.53740539550781,5140,23,0.130744641736382
47,"qathet",2018,"04","127",327.8659,373,202.1571,7.57529215812683,6240,22,-0.147157561147731
48,"Sea to Sky",2018,"04","358",414.6558,445.5,164.7073,7.38656139373779,6955,29,0.231380249279582
49,"Central Coast",2018,"04","Msk",233.381,302,181.7824,17.6007172584534,310505,23,-0.559257438719242
50,"Haida Gwaii",2018,"04","26",376.2258,425,187.0302,2.92772517204285,0,0,0.0637661829570993
51,"Boundary",2018,"04","66",361.3596,454,227.1927,12.3873544692993,57871,87,-0.00107337553270791
52,"Prince Rupert",2018,"04","131",382.9034,413,154.7972,2.79759068489075,0,0,0.0928908170782289
53,"Okanagan Similkameen",2018,"04","138",420.5232,452,154.7956,13.6062047958374,47640,46,0.2569711619192
54,"Bulkley Valley",2018,"04","146",407.1392,421.5,158.7078,10.7705777645111,276624,28,0.198596281261899
57,"Prince George",2018,"04","970",394.2733,424,156.0446,11.8408372879028,146483,127,0.142481115612707
58,"Nicola-Similkameen",2018,"04","132",378.1333,408,171.2035,9.62467088699341,50696,74,0.0720858246825779
59,"Peace River South",2018,"04","244",419.7556,444,158.7981,9.5315938949585,741,27,0.25362324213494
60,"Peace River North",2018,"04","476",418.2539,437,140.5726,8.92743110656738,61443,82,0.247073514229749
61,"Greater Victoria",2018,"04","799",257.9489,318.5,253.5494,6.56635465621948,104,4,-0.452103506374612
62,"Sooke",2018,"04","314",172.4994,0,229.4617,5.8392352104187,345,8,-0.824795105651817
63,"Saanich",2018,"04","350",360.8917,450,227.2838,6.39063911437988,306,7,-0.00311414112293137
64,"Gulf Islands",2018,"04","56",228.6935,0,261.3746,6.19214363098145,306,7,-0.579702167730083
67,"Okanagan Skaha",2018,"04","425",456.4717,477,126.5759,10.6810829162598,44269,53,0.413762061299731
68,"Nanaimo-Ladysmith",2018,"04","753",297.6785,372,225.9251,5.76721782684326,353,11,-0.278821179823331
69,"Qualicum",2018,"04","268",377.1175,425,178.9346,5.33141593933105,302,10,0.0676553701270124
70,"Pacific Rim",2018,"04","295",428.7418,443,125.6859,6.80346655845642,3732,26,0.292816932553548
71,"Comox Valley",2018,"04","424",316.5016,410.5,234.7148,6.66310815811157,1841,13,-0.196723435045951
72,"Campbell River",2018,"04","367",379.7512,423,185.1064,7.8218900680542,38845,48,0.0791423637901277
73,"Kamloops-Thompson",2018,"04","1154",447.316,466,136.4456,11.3931482315063,44593,157,0.373829089480091
74,"Gold Trail",2018,"04","75",381.6627,421,145.9889,10.3572073459625,21986,74,0.087479451684362
75,"Mission",2018,"04","375",364.9814,436,213.2306,5.89046812057495,8641,17,0.0147232579673381
78,"Fraser-Cascade",2018,"04","82",257.9209,320,226.8483,7.58072080612183,45326,42,-0.452225629555903
79,"Cowichan Valley",2018,"04","307",223.9354,240.5,226.5825,5.89190812110901,353,11,-0.600454821619467
81,"Fort Nelson",2018,"04","55",554.8525,603,195.231,12.6449465751648,210172,62,0.842854071085287
82,"Coast Mountains",2018,"04","262",350.2539,405,186.2686,6.04426651000977,292501,35,-0.0495113546208578
83,"K̓wsaltktnéws ne Secwepemcúl’ecw",2018,"04","458",403.5787,435,159.5802,11.7504535675049,15539,113,0.183067010298037
84,"Vancouver Island West",2018,"04","17",330.5714,341,206.1258,7.38992066383362,5269,37,-0.135357408755447
85,"Vancouver Island North",2018,"04","84",426.1935,464,165.2111,7.76472616195679,70765,48,0.281702414593371
87,"Stikine",2018,"04","Msk",220.9231,251,230.8129,8.82557821273804,283762,39,-0.61359309515533
91,"Nechako Lakes",2018,"04","206",360.0315,400.5,198.2035,22.9446781158447,510891,110,-0.00686593971389164
92,"Nisga'a",2018,"04","30",301.3429,311,143.9593,4.02276287078857,3967,8,-0.262838744626035
5,"Southeast Kootenay",2018,"07","396",385.0852,416,160.7237,12.6376718997955,29665,30,0.122797731503708
6,"Rocky Mountain",2018,"07","230",465.6639,484,129.6993,11.2446471691132,52689,118,0.470682327626403
8,"Kootenay Lake",2018,"07","313",352.2088,406.5,193.9333,12.8882201194763,50016,105,-0.019140437466109
10,"Arrow Lakes",2018,"07","31",397.1053,477,209.2674,11.3472407341003,42319,99,0.174692433625415
19,"Revelstoke",2018,"07","73",397.5,440.5,177.1198,10.9126792907715,27508,120,0.176396482587357
20,"Kootenay-Columbia",2018,"07","144",220.6041,0,234.0114,16.2485754013062,36779,55,-0.587320960449831
22,"Vernon",2018,"07","568",410.6698,452,167.0276,11.6817746162415,26764,114,0.233254815546522
23,"Central Okanagan",2018,"07","1012",264.3178,350,228.6274,11.4885717391968,52917,73,-0.398594623719049
27,"Cariboo-Chilcotin",2018,"07","334",390.9496,409,134.8234,21.8169348716736,313638,139,0.148116263888841
28,"Quesnel",2018,"07","106",159.5472,0,200.2312,24.9274497032166,407068,90,-0.850923562589153
33,"Chilliwack",2018,"07","825",349.2171,410,200.7567,7.45417404174805,25548,14,-0.0320565846144281
34,"Abbotsford",2018,"07","1347",443.5942,466,147.0181,6.900634765625,6328,9,0.375400216211736
35,"Langley",2018,"07","1324",404.2332,442.5,181.6455,6.34212689399719,555,7,0.205465908659176
36,"Surrey",2018,"07","3404",297.7103,387,246.9884,7.08564748764038,555,7,-0.254428282291015
37,"Delta",2018,"07","877",362.6455,441,216.1498,7.14067115783691,415,10,0.0259182091036885
38,"Richmond",2018,"07","956",348.2885,470,273.25,7.22820310592651,413,9,-0.0360656544549634
39,"Vancouver",2018,"07","1866",270.9087,334,269.479,6.87643928527832,328,7,-0.370139553277542
40,"New Westminster",2018,"07","374",363.913,431,215.8324,8.44393920898438,130,6,0.0313904210602665
41,"Burnaby",2018,"07","1110",351.4848,459.5,256.6534,7.83513355255127,130,6,-0.0222661822050143
42,"Maple Ridge-Pitt Meadows",2018,"07","310",128.0862,0,212.8299,6.32425827980042,2255,13,-0.986750986940949
43,"Coquitlam",2018,"07","1758",369.6603,434,217.8828,5.41067371368408,970,11,0.0562033944551706
44,"North Vancouver",2018,"07","1016",433.8834,481.5,185.8186,4.82933602333069,320,10,0.33347551730212
45,"West Vancouver",2018,"07","480",519.8843,568,196.0762,5.50861539840698,327,6,0.704769523816103
46,"Sunshine Coast",2018,"07","223",416.3487,469,196.1808,6.53740539550781,5140,23,0.257772483775485
47,"qathet",2018,"07","145",348.8889,394.5,193.7748,7.57529215812683,6240,22,-0.0334735313317055
48,"Sea to Sky",2018,"07","349",425.8783,454,154.3877,7.38656139373779,6955,29,0.298914883034977
49,"Central Coast",2018,"07","14",236.7727,310,194.553,17.6007172584534,310505,23,-0.517515827320736
50,"Haida Gwaii",2018,"07","34",375.9744,414,163.0624,2.92772517204285,0,0,0.0834634287865548
51,"Boundary",2018,"07","98",397.9167,419.5,151.2139,12.3873544692993,57871,87,0.178195512743022
52,"Prince Rupert",2018,"07","133",378.6067,414.5,158.6695,2.79759068489075,0,0,0.0948279286155886
53,"Okanagan Similkameen",2018,"07","181",434.1762,452,141.4091,13.6062047958374,47640,46,0.334739630644042
54,"Bulkley Valley",2018,"07","137",455.8699,485.5,158.9903,10.7705777645111,276624,28,0.428398427111432
57,"Prince George",2018,"07","870",408.5365,441,147.7587,11.8408372879028,146483,127,0.22404466188422
58,"Nicola-Similkameen",2018,"07","149",417.3625,442.5,143.5012,9.62467088699341,50696,74,0.26214938987535
59,"Peace River South",2018,"07","217",428.9079,451,135.7024,9.5315938949585,741,27,0.31199465687612
60,"Peace River North",2018,"07","383",410.6024,422.5,145.5152,8.92743110656738,61443,82,0.232963827707568
61,"Greater Victoria",2018,"07","726",240.7015,286,244.2521,6.56635465621948,104,4,-0.500553913052488
62,"Sooke",2018,"07","217",119.376,0,200.4657,5.8392352104187,345,8,-1.02435576846693
63,"Saanich",2018,"07","351",296.8252,390,239.0781,6.39063911437988,306,7,-0.258249548407597
64,"Gulf Islands",2018,"07","70",246.3681,0,261.1928,6.19214363098145,306,7,-0.47608934794547
67,"Okanagan Skaha",2018,"07","422",431.6849,448,115.771,10.6810829162598,44269,53,0.323983873920237
68,"Nanaimo-Ladysmith",2018,"07","719",308.3933,390,222.0837,5.76721782684326,353,11,-0.208306278084212
69,"Qualicum",2018,"07","276",426.3642,453.5,155.3031,5.33141593933105,302,10,0.301012672218173
70,"Pacific Rim",2018,"07","265",416.1828,430,131.7699,6.80346655845642,3732,26,0.257056239228269
71,"Comox Valley",2018,"07","407",307.15,389,226.3486,6.66310815811157,1841,13,-0.213674010727694
72,"Campbell River",2018,"07","319",346.645,402.5,194.7031,7.8218900680542,38845,48,-0.0431611813588183
73,"Kamloops-Thompson",2018,"07","1021",441.6841,462,143.6968,11.3931482315063,44593,157,0.36715368993303
74,"Gold Trail",2018,"07","71",420.3467,418,132.8662,10.3572073459625,21986,74,0.275033157071264
75,"Mission",2018,"07","400",372.1892,397,148.9223,5.89046812057495,8641,17,0.0671214826737035
78,"Fraser-Cascade",2018,"07","83",273.843,340,201.8178,7.58072080612183,45326,42,-0.357471220698302
79,"Cowichan Valley",2018,"07","302",217.5164,0,230.1649,5.89190812110901,353,11,-0.600651570988944
81,"Fort Nelson",2018,"07","43",513.2826,543,150.8952,12.6449465751648,210172,62,0.676267826243131
82,"Coast Mountains",2018,"07","231",322.0888,388.5,199.3436,6.04426651000977,292501,35,-0.149178326327751
83,"K̓wsaltktnéws ne Secwepemcúl’ecw",2018,"07","451",411.9245,431,145.7763,11.7504535675049,15539,113,0.238671765717661
84,"Vancouver Island West",2018,"07","20",289.3448,369,214.1981,7.38992066383362,5269,37,-0.290544881204431
85,"Vancouver Island North",2018,"07","95",399.6,442,183.7851,7.76472616195679,70765,48,0.185462869260977
87,"Stikine",2018,"07","10",192.75,232.5,170.6773,8.82557821273804,283762,39,-0.707576218090636
91,"Nechako Lakes",2018,"07","196",332.3294,380,196.7647,22.9446781158447,510891,110,-0.10496630758019
92,"Nisga'a",2018,"07","20",250.6296,303,162.5021,4.02276287078857,3967,8,-0.457691058988502
5,"Southeast Kootenay",2019,"04","393",382.6047,434,186.1208,3.48403811454773,103,9,0.0677213998394079
6,"Rocky Mountain",2019,"04","284",458.0653,473,112.1745,2.75054051876068,103,9,0.389847019294514
8,"Kootenay Lake",2019,"04","279",395.2917,454.5,202.501,3.2307345867157,104,10,0.121879566273639
10,"Arrow Lakes",2019,"04","30",417.7143,486,189.5061,3.53605999946594,18,5,0.217596985891215
19,"Revelstoke",2019,"04","63",440.9855,455,163.4776,3.46162595748901,9,3,0.316936902555854
20,"Kootenay-Columbia",2019,"04","124",207.8582,0,244.8783,4.16724553108215,22,4,-0.678235093484414
22,"Vernon",2019,"04","538",400.9406,450,183.2503,4.01458821296692,2511,10,0.145993546439977
23,"Central Okanagan",2019,"04","1302",361.0569,438,218.5221,4.36650524139404,3396,16,-0.0242616803758929
27,"Cariboo-Chilcotin",2019,"04","294",408.5881,435.5,151.3528,3.98649845123291,462,20,0.178639134664599
28,"Quesnel",2019,"04","162",268.9307,323,197.1382,5.43289937973022,401,10,-0.417529282847182
33,"Chilliwack",2019,"04","926",426.939,462,173.1684,4.75586996078491,5,1,0.256975313147923
34,"Abbotsford",2019,"04","1428",439.5418,463.5,148.7198,5.18266630172729,9,2,0.310774047280288
35,"Langley",2019,"04","1376",429.8997,471,181.5615,4.98436107635498,13,3,0.269613926166117
36,"Surrey",2019,"04","3163",267.4775,344,242.5621,5.07139253616333,13,3,-0.423732691648492
37,"Delta",2019,"04","700",294.9559,388,245.0281,4.97601532936096,13,3,-0.306433112508714
38,"Richmond",2019,"04","795",310.5619,415,270.5279,4.69740710258484,30,6,-0.239814341690348
39,"Vancouver",2019,"04","1955",286.6507,381,263.7482,4.45727648735046,33,7,-0.341886285352536
40,"New Westminster",2019,"04","418",409.3861,475,219.2874,5.64453163146973,13,3,0.182045630827168
41,"Burnaby",2019,"04","1098",326.1634,433.5,262.9369,5.51009101867676,13,3,-0.173214780436808
42,"Maple Ridge-Pitt Meadows",2019,"04","301",120.8736,0,208.3392,5.35136880874634,18,5,-1.04955427406414
43,"Coquitlam",2019,"04","1691",370.9704,450,227.5025,5.12537536621094,17,4,0.0180569909369271
44,"North Vancouver",2019,"04","1100",474.5174,502,159.6795,4.8647216796875,30,6,0.460077615179483
45,"West Vancouver",2019,"04","430",522.7058,581,205.0063,3.9551558971405,25,5,0.665783880443083
46,"Sunshine Coast",2019,"04","190",367.5217,441,228.5966,3.80462765693665,47,8,0.00333520733310191
47,"qathet",2019,"04","122",281.2421,345,227.7549,3.08707625865936,51,10,-0.364974474757138
48,"Sea to Sky",2019,"04","375",417.2433,454,158.0908,4.17981147766113,46,10,0.215586384772706
49,"Central Coast",2019,"04","22",417.5,488.5,210.5688,3.46723103523254,124,7,0.216682183726254
50,"Haida Gwaii",2019,"04","29",379.0968,372,143.9475,3.99504899978638,0,0,0.0527469037383092
51,"Boundary",2019,"04","79",368.3069,437,214.0509,3.99091424942017,3347,8,0.00668706295572008
52,"Prince Rupert",2019,"04","153",408.0373,431,140.8634,3.25626420974731,3,2,0.176287883929833
53,"Okanagan Similkameen",2019,"04","141",449.1974,469,153.8381,3.79744386672974,3362,12,0.35199179708894
54,"Bulkley Valley",2019,"04","137",422.1486,445.5,151.9039,5.17784910202026,17,4,0.236526091071266
57,"Prince George",2019,"04","917",409.4842,431,146.7405,5.17503628730774,350,11,0.182464399340386
58,"Nicola-Similkameen",2019,"04","134",446.55,467,135.0568,3.71680927276611,3651,22,0.34069059666189
59,"Peace River South",2019,"04","255",444.3722,452.5,137.5065,6.63809552192688,331,6,0.331394021044292
60,"Peace River North",2019,"04","439",414.8542,442,166.2536,7.04558081626892,1050,15,0.205387813366698
61,"Greater Victoria",2019,"04","884",280.3772,381,253.5648,4.08874564170837,3,1,-0.368666553116795
62,"Sooke",2019,"04","312",167.304,0,231.9923,3.4563768863678,22,3,-0.851352545459435
63,"Saanich",2019,"04","383",368.6069,450.5,221.0322,3.85704131126404,3,1,0.00796770061082136
64,"Gulf Islands",2019,"04","122",471.7273,513,165.2537,4.03773159980774,20,4,0.448167258107824
67,"Okanagan Skaha",2019,"04","373",437.3674,471,166.5278,4.15499591827393,3366,14,0.301491985556115
68,"Nanaimo-Ladysmith",2019,"04","828",335.2151,411,215.9982,3.56175084114075,49,9,-0.134574954227876
69,"Qualicum",2019,"04","250",415.4806,451,177.2683,3.52609553337097,48,9,0.208061784790549
70,"Pacific Rim",2019,"04","280",435.5,441,162.8258,3.37996120452881,61,9,0.293520443032328
71,"Comox Valley",2019,"04","550",356.5944,430,210.0179,3.31703343391418,82,10,-0.0433111654955236
72,"Campbell River",2019,"04","365",406.0347,442,158.5033,2.86876411437988,72,12,0.167739200702814
73,"Kamloops-Thompson",2019,"04","1046",439.9571,461.5,145.9517,4.26193056106567,405,23,0.312546876674167
74,"Gold Trail",2019,"04","93",393.8526,386,110.1096,3.53583498001099,322,21,0.115736347442118
75,"Mission",2019,"04","390",340.3676,410,215.9798,5.2213719367981,21,4,-0.112580002501512
78,"Fraser-Cascade",2019,"04","80",318.4228,429,247.5414,4.67412056922913,60,13,-0.20625779321373
79,"Cowichan Valley",2019,"04","330",219.5893,214,223.7081,3.42672433853149,49,9,-0.628157465498554
81,"Fort Nelson",2019,"04","45",532.24,581.5,186.1472,7.0843638420105,7627,19,0.706483398880637
82,"Coast Mountains",2019,"04","219",362.0221,413,203.3553,4.30035929679871,510,12,-0.0201414421602137
83,"K̓wsaltktnéws ne Secwepemcúl’ecw",2019,"04","474",398.2224,440,170.2124,4.42969074249268,35,7,0.134390115526323
84,"Vancouver Island West",2019,"04","31",378.4,399,170.325,3.43424263000488,43,5,0.0497724093447274
85,"Vancouver Island North",2019,"04","86",435.2396,469.5,186.7566,3.28493962287903,54,7,0.2924088495477
87,"Stikine",2019,"04","11",293.2667,341,203.6069,6.63691244125366,8996,15,-0.31364395626537
91,"Nechako Lakes",2019,"04","211",332.9929,392,215.9074,4.64719920158386,414,17,-0.144061064218429
92,"Nisga'a",2019,"04","32",342.303,359,84.6111,3.91974959373474,12,2,-0.104318182109236
5,"Southeast Kootenay",2019,"07","407",390.6504,413.5,158.135,3.48403811454773,103,9,0.143689428706904
6,"Rocky Mountain",2019,"07","268",467.1649,469,137.6802,2.75054051876068,103,9,0.472019361358385
8,"Kootenay Lake",2019,"07","320",355.15,416.5,199.9366,3.2307345867157,104,10,-0.00864567040634409
10,"Arrow Lakes",2019,"07","38",405.1087,467,206.3008,3.53605999946594,18,5,0.205731168053759
19,"Revelstoke",2019,"07","67",448.8,496,179.8963,3.46162595748901,9,3,0.393214084186722
20,"Kootenay-Columbia",2019,"07","136",200.5947,0,230.6027,4.16724553108215,22,4,-0.671855012948338
22,"Vernon",2019,"07","590",419.6262,448,163.444,4.01458821296692,2511,10,0.268026939407788
23,"Central Okanagan",2019,"07","1164",288.6106,374,227.8355,4.36650524139404,3396,16,-0.29417163895701
27,"Cariboo-Chilcotin",2019,"07","366",384.264,395,144.6466,3.98649845123291,462,20,0.116284867716694
28,"Quesnel",2019,"07","87",138.3592,0,195.4161,5.43289937973022,401,10,-0.938912597112531
33,"Chilliwack",2019,"07","933",389.1696,425,176.522,4.75586996078491,5,1,0.137335195662575
34,"Abbotsford",2019,"07","1386",434.7475,454,143.2376,5.18266630172729,9,2,0.332913665591751
35,"Langley",2019,"07","1386",398.9739,439,187.3846,4.98436107635498,13,3,0.179406243094041
36,"Surrey",2019,"07","3396",281.6229,363,250.8375,5.07139253616333,13,3,-0.324156427074148
37,"Delta",2019,"07","755",295.1256,384,244.3181,4.97601532936096,13,3,-0.266215244924187
38,"Richmond",2019,"07","937",318.3089,429.5,273.8831,4.69740710258484,30,6,-0.166733822087482
39,"Vancouver",2019,"07","2125",296.2631,384,271.87,4.45727648735046,33,7,-0.261334140056599
40,"New Westminster",2019,"07","431",415.818,462,190.6967,5.64453163146973,13,3,0.251685643973284
41,"Burnaby",2019,"07","1173",327.2633,425,265.4039,5.51009101867676,13,3,-0.12830976456983
42,"Maple Ridge-Pitt Meadows",2019,"07","277",111.2736,0,199.6877,5.35136880874634,18,5,-1.05513910612487
43,"Coquitlam",2019,"07","1980",375.7765,441,217.711,5.12537536621094,17,4,0.079864316012384
44,"North Vancouver",2019,"07","1158",480.7117,508,148.005,4.8647216796875,30,6,0.530149780189365
45,"West Vancouver",2019,"07","497",544.2748,585,174.3579,3.9551558971405,25,5,0.8029042037577
46,"Sunshine Coast",2019,"07","186",369.5309,438,223.3635,3.80462765693665,47,8,0.0530639392554543
47,"qathet",2019,"07","114",344.962,428.5,232.5173,3.08707625865936,51,10,-0.0523632056951231
48,"Sea to Sky",2019,"07","296",389.3121,433,182.302,4.17981147766113,46,10,0.137946674733899
49,"Central Coast",2019,"07","Msk",NA,NA,NA,3.46723103523254,124,7,NA
50,"Haida Gwaii",2019,"07","32",359.25,392,165.2113,3.99504899978638,0,0,0.00894776252298404
51,"Boundary",2019,"07","102",419.9369,452,148.2912,3.99091424942017,3347,8,0.269360178337335
52,"Prince Rupert",2019,"07","131",375.4414,406,150.5392,3.25626420974731,3,2,0.0784263747015015
53,"Okanagan Similkameen",2019,"07","172",434.5222,443,135.0792,3.79744386672974,3362,12,0.331946884996878
54,"Bulkley Valley",2019,"07","124",436.8258,432.5,157.6946,5.17784910202026,17,4,0.341831819654439
57,"Prince George",2019,"07","937",402.6956,419,141.9022,5.17503628730774,350,11,0.195376360004549
58,"Nicola-Similkameen",2019,"07","153",419.4198,438,137.2277,3.71680927276611,3651,22,0.267141260247638
59,"Peace River South",2019,"07","274",413.2509,419,130.2747,6.63809552192688,331,6,0.240670009418923
60,"Peace River North",2019,"07","450",403.014,425,165.5048,7.04558081626892,1050,15,0.196742640259353
61,"Greater Victoria",2019,"07","755",246.6853,287,241.4422,4.08874564170837,3,1,-0.474076505686755
62,"Sooke",2019,"07","251",131.2373,0,203.5083,3.4563768863678,22,3,-0.969473248327015
63,"Saanich",2019,"07","300",264.0038,342,243.476,3.85704131126404,3,1,-0.399761415885153
64,"Gulf Islands",2019,"07","124",443.197,467.5,143.0449,4.03773159980774,20,4,0.369171156210374
67,"Okanagan Skaha",2019,"07","435",432.5774,447,120.6615,4.15499591827393,3366,14,0.323601590274694
68,"Nanaimo-Ladysmith",2019,"07","873",329.8029,400,217.9548,3.56175084114075,49,9,-0.117412134748532
69,"Qualicum",2019,"07","297",413.7424,447,165.8731,3.52609553337097,48,9,0.242779075829841
70,"Pacific Rim",2019,"07","276",407.6849,416.5,138.9176,3.37996120452881,61,9,0.21678585144706
71,"Comox Valley",2019,"07","553",364.5531,419.5,194.8685,3.31703343391418,82,10,0.0317037952467692
72,"Campbell River",2019,"07","377",374.6575,405,178.3159,2.86876411437988,72,12,0.0750625961470382
73,"Kamloops-Thompson",2019,"07","1111",421.7885,449,152.6614,4.26193056106567,405,23,0.277305544291467
74,"Gold Trail",2019,"07","88",393.3222,386,98.5297,3.53583498001099,322,21,0.155154339463143
75,"Mission",2019,"07","337",308.2341,370,200.4427,5.2213719367981,21,4,-0.209965606984164
78,"Fraser-Cascade",2019,"07","78",224.3429,290.5,212.0592,4.67412056922913,60,13,-0.569949558340467
79,"Cowichan Valley",2019,"07","392",235.8613,282,209.5888,3.42672433853149,49,9,-0.520523168620181
81,"Fort Nelson",2019,"07","54",530.463,523.5,61.9619,7.0843638420105,7627,19,0.743636648408116
82,"Coast Mountains",2019,"07","226",274.2564,328.5,187.3415,4.30035929679871,510,12,-0.355766676750708
83,"K̓wsaltktnéws ne Secwepemcúl’ecw",2019,"07","457",384.1566,424.5,173.249,4.42969074249268,35,7,0.11582400559557
84,"Vancouver Island West",2019,"07","15",302.6667,335,157.2555,3.43424263000488,43,5,-0.23385577246971
85,"Vancouver Island North",2019,"07","87",457.3656,475,145.332,3.28493962287903,54,7,0.42996976933293
87,"Stikine",2019,"07","Msk",NA,NA,NA,6.63691244125366,8996,15,NA
91,"Nechako Lakes",2019,"07","223",328.75,384,201.7088,4.64719920158386,414,17,-0.121930214146407
92,"Nisga'a",2019,"07","24",231.0968,270,136.8097,3.91974959373474,12,2,-0.540968025008421
5,"Southeast Kootenay",2020,"04","335",377.9519,437,202.4505,6.66846604347229,8323,9,0.154215009618038
6,"Rocky Mountain",2020,"04","227",463.7647,484,132.0698,5.47951946258545,9665,20,0.49006475297396
8,"Kootenay Lake",2020,"04","249",328.7547,418,248.2504,6.74480419158936,9623,18,-0.0383304730352491
10,"Arrow Lakes",2020,"04","24",359.0857,456,263.5844,6.31125683784485,9746,20,0.0803774419346442
19,"Revelstoke",2020,"04","77",453.3176,489,171.8003,4.79527943134308,146,11,0.449177427845149
20,"Kootenay-Columbia",2020,"04","309",424.3138,447,171.5709,7.39576601982117,2455,9,0.335663840287739
22,"Vernon",2020,"04","563",419.1448,474,193.3401,6.28643374443054,3488,25,0.315433672720584
23,"Central Okanagan",2020,"04","1362",375.101,451,225.3765,6.58173656463623,2204,17,0.143057303153112
27,"Cariboo-Chilcotin",2020,"04","294",399.7339,439,188.3108,4.40085453987122,524,11,0.239464286063728
28,"Quesnel",2020,"04","144",287.4154,342,196.8425,4.16501796245575,7,1,-0.20012210896268
33,"Chilliwack",2020,"04","881",423.6521,469,200.5242,5.0623993396759,68,5,0.333074112704224
34,"Abbotsford",2020,"04","1294",398.3427,447,189.9266,6.85732436180115,18,3,0.234019478727797
35,"Langley",2020,"04","1342",392.9239,465,222.6131,6.85137181282043,18,3,0.212811656709437
36,"Surrey",2020,"04","2192",188.7853,0,242.2226,7.21777720451355,23,6,-0.586135544862324
37,"Delta",2020,"04","559",247.3234,200,256.1097,7.22393598556519,36,8,-0.357032126007056
38,"Richmond",2020,"04","837",316.6612,430,272.7383,7.56814336776733,36,8,-0.0856613941947363
39,"Vancouver",2020,"04","1590",229.4263,0,271.1474,7.4618408203125,28,5,-0.427076879724629
40,"New Westminster",2020,"04","372",358.5669,458,249.3016,7.73994045257568,2,1,0.0783469890552014
41,"Burnaby",2020,"04","928",271.6822,275,278.6225,7.12796688079834,3,2,-0.261697901643579
42,"Maple Ridge-Pitt Meadows",2020,"04","352",150.6423,0,225.5462,5.68544611930847,495,8,-0.735417665487976
43,"Coquitlam",2020,"04","1509",341.7477,439,249.0795,5.71240839958191,402,5,0.0125208651733107
44,"North Vancouver",2020,"04","919",409.9974,488,228.0163,5.15085787773132,16,4,0.27963304691215
45,"West Vancouver",2020,"04","435",508.6518,593,234.6401,6.30392985343933,26,4,0.665741586907727
46,"Sunshine Coast",2020,"04","200",397.7961,470,224.4773,5.44164276123047,890,11,0.231880223631607
47,"qathet",2020,"04","130",235.5898,257,249.6271,4.62829284667969,506,9,-0.402954488972034
48,"Sea to Sky",2020,"04","371",397.7923,454,196.3254,5.13744540214539,940,16,0.231865351386152
49,"Central Coast",2020,"04","Msk",NA,NA,NA,3.40966792106628,0,0,NA
50,"Haida Gwaii",2020,"04","27",343.4857,377,227.5383,4.24059028625488,0,0,0.0193229605944202
51,"Boundary",2020,"04","53",254.6452,350,231.5486,7.10932335853577,3387,14,-0.328376440014951
52,"Prince Rupert",2020,"04","69",276.4912,336.5,242.0654,3.49926948547363,40,1,-0.242876683645814
53,"Okanagan Similkameen",2020,"04","185",418.239,445,166.938,7.41812391281128,2165,11,0.311888599054047
54,"Bulkley Valley",2020,"04","113",392.9259,431,201.7982,3.04405665397644,46,2,0.212819484207045
57,"Prince George",2020,"04","808",379.1373,428,191.8916,4.05429217815399,39,7,0.158854367450134
58,"Nicola-Similkameen",2020,"04","134",394.0769,436,189.0861,5.66639928817749,2276,26,0.217324209080289
59,"Peace River South",2020,"04","262",413.3299,454,165.5216,3.15788865089417,61,5,0.292675614801015
60,"Peace River North",2020,"04","408",421.0304,465.5,176.8828,2.96174895763397,58,4,0.322813437465143
61,"Greater Victoria",2020,"04","816",274.3896,351.5,262.9452,6.84229426383972,19,7,-0.251101818132007
62,"Sooke",2020,"04","244",148.6529,0,235.5334,5.84179840087891,36,8,-0.743203677358376
63,"Saanich",2020,"04","319",337.0454,451,256.5121,6.75709671974182,36,8,-0.00588275582708282
64,"Gulf Islands",2020,"04","92",490.9388,519,153.0576,6.75840516090393,36,8,0.596417354344946
67,"Okanagan Skaha",2020,"04","329",442.0457,488.5,179.7906,7.50793719291687,2199,15,0.405062042702913
68,"Nanaimo-Ladysmith",2020,"04","633",254.0267,306.5,244.8778,5.49109053611755,36,8,-0.330797093650138
69,"Qualicum",2020,"04","169",243.1873,249,250.4127,5.35872554779053,24,3,-0.373219782434704
70,"Pacific Rim",2020,"04","215",348.2362,406,201.0687,4.32616782188416,33,6,0.0379152242871596
71,"Comox Valley",2020,"04","566",347.8603,432.5,229.8582,4.16919522285461,24,3,0.0364440461117884
72,"Campbell River",2020,"04","369",391.2706,436,192.8835,3.97412047386169,482,6,0.206341055812015
73,"Kamloops-Thompson",2020,"04","987",417.9798,469,185.4333,5.45293869972229,204,23,0.310874155364086
74,"Gold Trail",2020,"04","65",422.1857,439.5,156.5254,5.00846428871155,1060,25,0.327334991458243
75,"Mission",2020,"04","249",225.4912,0,241.5555,5.77052311897278,497,9,-0.4424778726427
78,"Fraser-Cascade",2020,"04","50",172.6815,0,235.0985,5.37818746566772,632,20,-0.649161772849933
79,"Cowichan Valley",2020,"04","481",343.2122,422,215.2337,5.2684467792511,36,8,0.0182525502965643
81,"Fort Nelson",2020,"04","47",553.4808,596,193.0596,3.20673456192017,8,2,0.841191032035991
82,"Coast Mountains",2020,"04","167",278.1513,375,231.9172,2.87367806434631,46,2,-0.236379469256525
83,"K̓wsaltktnéws ne Secwepemcúl’ecw",2020,"04","434",424.39,456,165.1134,6.43250985145569,178,16,0.335962067946593
84,"Vancouver Island West",2020,"04","24",299.2667,347.5,173.6495,3.6105131149292,0,0,-0.153739097763488
85,"Vancouver Island North",2020,"04","87",464.8889,466,129.1659,3.62041273117065,384,2,0.49446458937926
87,"Stikine",2020,"04","Msk",NA,NA,NA,2.5269905090332,0,0,NA
91,"Nechako Lakes",2020,"04","162",288.0082,352,225.5766,3.13463582992554,62,5,-0.197802038671752
92,"Nisga'a",2020,"04","Msk",139.2381,0,213.0251,2.78466057777405,0,0,-0.780050839596962
5,"Southeast Kootenay",2020,"07","359",334.7024,404,199.6314,6.66846604347229,8323,9,0.0635129222843593
6,"Rocky Mountain",2020,"07","283",462.4007,489.5,147.7552,5.47951946258545,9665,20,0.566386269366493
8,"Kootenay Lake",2020,"07","297",344.5305,413,221.5491,6.74480419158936,9623,18,0.102215783187425
10,"Arrow Lakes",2020,"07","25",331.5263,443,252.9637,6.31125683784485,9746,20,0.0510055041145984
19,"Revelstoke",2020,"07","57",457.619,490,177.8365,4.79527943134308,146,11,0.54755603056345
20,"Kootenay-Columbia",2020,"07","267",408.7492,439,171.1579,7.39576601982117,2455,9,0.355107737224898
22,"Vernon",2020,"07","586",417.1157,469,187.3899,6.28643374443054,3488,25,0.388054846609773
23,"Central Okanagan",2020,"07","1276",304.6494,385,223.5066,6.58173656463623,2204,17,-0.0548351896314562
27,"Cariboo-Chilcotin",2020,"07","295",353.361,418.5,203.8826,4.40085453987122,524,11,0.136990115276488
28,"Quesnel",2020,"07","100",162.6033,0,205.1952,4.16501796245575,7,1,-0.614209885668628
33,"Chilliwack",2020,"07","838",335.6097,402,207.5783,5.0623993396759,68,5,0.067085851507439
34,"Abbotsford",2020,"07","1220",398.1094,448,194.5105,6.85732436180115,18,3,0.313208417983494
35,"Langley",2020,"07","1264",370.1187,437,216.9065,6.85137181282043,18,3,0.202981602151397
36,"Surrey",2020,"07","2388",193.9284,0,246.868,7.21777720451355,23,6,-0.490852269438164
37,"Delta",2020,"07","507",207.0763,0,250.8018,7.22393598556519,36,8,-0.439076102644235
38,"Richmond",2020,"07","994",362.426,470,270.6183,7.56814336776733,36,8,0.172687903667559
39,"Vancouver",2020,"07","1426",201.5444,0,265.8623,7.4618408203125,28,5,-0.460860614017712
40,"New Westminster",2020,"07","298",290.2281,371,249.2743,7.73994045257568,2,1,-0.111625980113989
41,"Burnaby",2020,"07","981",288.6139,378,277.6875,7.12796688079834,3,2,-0.117982667374978
42,"Maple Ridge-Pitt Meadows",2020,"07","304",117.2279,0,203.7977,5.68544611930847,495,8,-0.792897301814267
43,"Coquitlam",2020,"07","1560",314.8195,409,249.8802,5.71240839958191,402,5,-0.0147855395800459
44,"North Vancouver",2020,"07","1031",424.6419,493,218.6448,5.15085787773132,16,4,0.417692871429286
45,"West Vancouver",2020,"07","482",538.4831,586.5,195.6021,6.30392985343933,26,4,0.86599723632566
46,"Sunshine Coast",2020,"07","214",392.0655,464,225.4118,5.44164276123047,890,11,0.289407660867466
47,"qathet",2020,"07","105",217.9692,0,248.1504,4.62829284667969,506,9,-0.396180080673458
48,"Sea to Sky",2020,"07","368",382.9251,426,178.9692,5.13744540214539,940,16,0.253412948786964
49,"Central Coast",2020,"07","Msk",235.2069,312,226.4664,3.40966792106628,0,0,-0.328298363414906
50,"Haida Gwaii",2020,"07","22",241.4474,242.5,222.6565,4.24059028625488,0,0,-0.303723399437578
51,"Boundary",2020,"07","68",314.6598,400,215.991,7.10932335853577,3387,14,-0.0154144349806034
52,"Prince Rupert",2020,"07","91",275.9868,333,245.4568,3.49926948547363,40,1,-0.167707934202655
53,"Okanagan Similkameen",2020,"07","177",423.1421,456,168.113,7.41812391281128,2165,11,0.411786689076398
54,"Bulkley Valley",2020,"07","119",411.1319,464,209.5288,3.04405665397644,46,2,0.364490762089697
57,"Prince George",2020,"07","859",368.2069,410.5,180.2828,4.05429217815399,39,7,0.19545297205255
58,"Nicola-Similkameen",2020,"07","127",390.5267,424,197.5499,5.66639928817749,2276,26,0.283347897295907
59,"Peace River South",2020,"07","232",395.0372,436,177.1328,3.15788865089417,61,5,0.301110155932193
60,"Peace River North",2020,"07","393",381.0526,429,193.1799,2.96174895763397,58,4,0.246039081300778
61,"Greater Victoria",2020,"07","839",269.9135,338,245.7806,6.84229426383972,19,7,-0.191624467929682
62,"Sooke",2020,"07","211",108.5345,0,198.7285,5.84179840087891,36,8,-0.827131736850002
63,"Saanich",2020,"07","244",207.9642,0,253.5267,6.75709671974182,36,8,-0.435579570232494
64,"Gulf Islands",2020,"07","120",465.6614,489,141.2613,6.75840516090393,36,8,0.579226840641371
67,"Okanagan Skaha",2020,"07","394",407.1933,447,167.7535,7.50793719291687,2199,15,0.348980634195922
68,"Nanaimo-Ladysmith",2020,"07","550",214.7444,0,239.1626,5.49109053611755,36,8,-0.408879278467559
69,"Qualicum",2020,"07","186",257.9577,291,256.3195,5.35872554779053,24,3,-0.238706168806237
70,"Pacific Rim",2020,"07","215",355.5358,411,191.3295,4.32616782188416,33,6,0.145554434106372
71,"Comox Valley",2020,"07","548",343.1649,429,236.4483,4.16919522285461,24,3,0.0968380777459633
72,"Campbell River",2020,"07","356",338.713,401,201.2819,3.97412047386169,482,6,0.079306584735681
73,"Kamloops-Thompson",2020,"07","873",370.9332,450.5,221.6222,5.45293869972229,204,23,0.20618908683364
74,"Gold Trail",2020,"07","86",406.4457,430,142.7078,5.00846428871155,1060,25,0.346036600373399
75,"Mission",2020,"07","199",177.7614,0,218.6122,5.77052311897278,497,9,-0.554517591547205
78,"Fraser-Cascade",2020,"07","65",189.517,0,223.0345,5.37818746566772,632,20,-0.508224274259827
79,"Cowichan Valley",2020,"07","461",313.6783,376,209.7195,5.2684467792511,36,8,-0.0192795623171547
81,"Fort Nelson",2020,"07","55",491.6333,530,160.713,3.20673456192017,8,2,0.681503662518267
82,"Coast Mountains",2020,"07","150",199.6187,234,209.1853,2.87367806434631,46,2,-0.468443982038086
83,"K̓wsaltktnéws ne Secwepemcúl’ecw",2020,"07","447",398.4739,444,175.5683,6.43250985145569,178,16,0.314643811681073
84,"Vancouver Island West",2020,"07","19",300.4583,339.5,188.9955,3.6105131149292,0,0,-0.0713396574666265
85,"Vancouver Island North",2020,"07","86",405.8454,445,166.6469,3.62041273117065,384,2,0.343672630999857
87,"Stikine",2020,"07","Msk",183.4167,113,213.4962,2.5269905090332,0,0,-0.532247133445933
91,"Nechako Lakes",2020,"07","190",272.4395,347,235.0759,3.13463582992554,62,5,-0.181677130535766
92,"Nisga'a",2020,"07","22",223.9143,291,183.5971,2.78466057777405,0,0,-0.372768395978062
5,"Southeast Kootenay",2021,"04","324",435.2463,428.1828,96.2244,10.5459211349487,17125,21,-0.489996863607811
6,"Rocky Mountain",2021,"04","270",463.0957,462.1443,89.6347,12.7074829101562,40884,86,-0.242555955280201
8,"Kootenay Lake",2021,"04","254",466.8597,475.6148,102.9993,15.547477722168,84386,78,-0.209112951878148
10,"Arrow Lakes",2021,"04","24",465.0215,468.8816,90.1754,15.6980261325836,163526,77,-0.225445292168704
19,"Revelstoke",2021,"04","72",470.855,469.0495,101.0485,14.5482980251312,55899,90,-0.173614856370119
20,"Kootenay-Columbia",2021,"04","295",462.7544,454.1222,90.2479,18.5052814006805,65348,33,-0.245588393394208
22,"Vernon",2021,"04","593",467.2585,466.5616,96.5564,15.7710395812988,237780,99,-0.205569628350853
23,"Central Okanagan",2021,"04","1345",479.1913,478.3028,97.4213,14.0080027580261,314647,75,-0.0995471333997337
27,"Cariboo-Chilcotin",2021,"04","337",434.4568,432.6137,95.2162,7.22318887710571,370982,119,-0.497011542456355
28,"Quesnel",2021,"04","137",368.9325,358.4071,98.0787,7.10367321968079,82550,63,-1.07919257003795
33,"Chilliwack",2021,"04","941",462.3749,452.6023,98.4667,5.7961790561676,32131,12,-0.248960237121911
34,"Abbotsford",2021,"04","1387",437.4286,433.7257,95.6946,5.97451548576355,750,5,-0.470607207304862
35,"Langley",2021,"04","1504",479.9947,478.4736,100.1689,6.03630766868591,692,3,-0.0924089535556292
36,"Surrey",2021,"04","2457",468.2902,465.4126,113.7482,5.8761908531189,314,3,-0.1964030112919
37,"Delta",2021,"04","664",476.4079,476.6128,107.9499,6.01435718536377,93,3,-0.124277541388383
38,"Richmond",2021,"04","1313",514.0877,522.0552,103.8051,5.80526304244995,93,3,0.210506114187777
39,"Vancouver",2021,"04","1677",507.8076,519.2368,109.9715,5.40596942901611,102,4,0.154707653596589
40,"New Westminster",2021,"04","395",493.6009,494.8534,98.4209,5.79838089942932,91,2,0.0284816396667428
41,"Burnaby",2021,"04","1036",517.2111,524.4843,110.0445,5.69442882537842,100,3,0.238257409837609
42,"Maple Ridge-Pitt Meadows",2021,"04","340",447.2774,452.7311,91.6267,4.79752912521362,1356,9,-0.383100976724061
43,"Coquitlam",2021,"04","1700",489.4091,486.5691,102.1352,4.56555519104004,967,7,-0.00876235121017645
44,"North Vancouver",2021,"04","1119",494.7839,508.8632,113.5573,4.25302891731262,325,5,0.0389925517349224
45,"West Vancouver",2021,"04","437",574.6272,583.563,90.4433,4.32778949737549,102,4,0.748397374670923
46,"Sunshine Coast",2021,"04","234",494.1204,492.3165,82.9684,4.26075830459595,113,7,0.0330973783137583
47,"qathet",2021,"04","145",496.7918,489.0144,128.3093,3.98186860084534,123,7,0.0568326703669579
48,"Sea to Sky",2021,"04","367",484.9804,489.3962,104.2563,4.79447431564331,124909,22,-0.0481111899898449
49,"Central Coast",2021,"04","Msk",438.908,376.2628,145.1411,3.09833183288574,29566,10,-0.457462791993226
50,"Haida Gwaii",2021,"04","27",407.7019,380.3944,109.0389,2.95845508575439,2,1,-0.734727858004064
51,"Boundary",2021,"04","93",466.6545,461.0207,92.1313,15.2406962871552,145663,51,-0.21093614643131
52,"Prince Rupert",2021,"04","107",409.2819,394.2437,118.5587,2.69475197792053,6,2,-0.720689615343266
53,"Okanagan Similkameen",2021,"04","158",459.15,446.2524,86.3511,15.9444799900055,141837,37,-0.277613356588245
54,"Bulkley Valley",2021,"04","127",480.1448,481.6485,99.2461,3.25132393836975,20128,6,-0.0910753205028538
57,"Prince George",2021,"04","879",440.016,437.2239,100.5037,6.93570141792297,91708,95,-0.447618252203249
58,"Nicola-Similkameen",2021,"04","140",397.3262,397.96,85.5753,12.0246702671051,358087,79,-0.82691557596333
59,"Peace River South",2021,"04","244",437.4967,427.0513,99.9394,5.90595555305481,14633,29,-0.470002141276254
60,"Peace River North",2021,"04","442",472.8611,470.8335,101.2167,6.48635911941528,66919,30,-0.155790730672761
61,"Greater Victoria",2021,"04","900",498.769,505.2581,100.4935,4.90326528549194,91,2,0.0744000206131157
62,"Sooke",2021,"04","374",452.0505,456.4667,97.9944,4.49830951690674,93,3,-0.340692156442887
63,"Saanich",2021,"04","381",495.5902,500.5765,104.6559,4.41692023277283,91,2,0.0461564979737837
64,"Gulf Islands",2021,"04","88",526.4129,518.7283,92.2188,4.44332914352417,93,3,0.320015068898451
67,"Okanagan Skaha",2021,"04","347",479.6617,480.6551,92.7786,13.3231767177582,162307,45,-0.0953676464708482
68,"Nanaimo-Ladysmith",2021,"04","702",454.8173,457.6329,108.6085,4.26177315711975,95,4,-0.316109238851814
69,"Qualicum",2021,"04","248",455.4787,453.4449,100.7461,4.23198227882385,95,4,-0.31023272385444
70,"Pacific Rim",2021,"04","233",446.2295,440.3286,99.0561,3.56606168746948,95,4,-0.392411530195105
71,"Comox Valley",2021,"04","589",472.2783,472.5229,99.9308,3.76225433349609,72,4,-0.160968887522579
72,"Campbell River",2021,"04","369",456.2591,454.1166,95.8534,3.58294682502747,35,5,-0.303298898175651
73,"Kamloops-Thompson",2021,"04","1076",472.7219,467.3592,96.6656,16.2005412578583,487894,156,-0.157027517621104
74,"Gold Trail",2021,"04","83",399.7283,374.8282,103.4272,13.9555627346039,447297,86,-0.805573004637063
75,"Mission",2021,"04","268",454.2327,451.0375,98.8477,5.15682182312012,102910,14,-0.321303388636309
78,"Fraser-Cascade",2021,"04","43",406.1482,405.0783,98.7128,7.94433813095093,214785,33,-0.748532426119306
79,"Cowichan Valley",2021,"04","509",419.3724,419.4019,106.1395,3.8973904132843,95,4,-0.631035889033911
81,"Fort Nelson",2021,"04","39",555.0006,543.0588,86.1735,5.6731662273407,10151,20,0.574015745932685
82,"Coast Mountains",2021,"04","233",415.7547,404.6223,107.3241,2.84259734153748,89,2,-0.663179022245284
83,"K̓wsaltktnéws ne Secwepemcúl’ecw",2021,"04","465",460.116,458.5943,95.3248,18.8847627639771,271173,111,-0.269030481644998
84,"Vancouver Island West",2021,"04","15",455.8585,482.3551,102.8185,3.30010356903076,2,1,-0.306858214637623
85,"Vancouver Island North",2021,"04","63",441.1116,419.3809,88.2664,3.16599497795105,9488,7,-0.437883885963268
87,"Stikine",2021,"04","Msk",425.679,426.4647,107.4486,3.53941216468811,30725,8,-0.575001976904426
91,"Nechako Lakes",2021,"04","168",436.2736,432.0053,89.6612,4.7309681892395,120197,56,-0.480869340389179
92,"Nisga'a",2021,"04","23",355.8194,363.7825,72.1352,2.78550357818604,4,1,-1.19570198765523
5,"Southeast Kootenay",2021,"07","356",412.8137,420.5778,102.6439,10.5459211349487,17125,21,-0.518254989251316
6,"Rocky Mountain",2021,"07","284",461.8496,455.4678,99.1298,12.7074829101562,40884,86,-0.103238146825329
8,"Kootenay Lake",2021,"07","329",419.4993,424.1544,107.492,15.547477722168,84386,78,-0.461671208761447
10,"Arrow Lakes",2021,"07","30",472.2428,491.5051,88.2193,15.6980261325836,163526,77,-0.015274980110703
19,"Revelstoke",2021,"07","71",507.8901,515.9012,113.6899,14.5482980251312,55899,90,0.286427035902297
20,"Kootenay-Columbia",2021,"07","252",457.7374,466.291,106.7016,18.5052814006805,65348,33,-0.138041877549639
22,"Vernon",2021,"07","649",452.986,449.0674,98.9329,15.7710395812988,237780,99,-0.178255497063155
23,"Central Okanagan",2021,"07","1473",425.2182,432.9135,110.3477,14.0080027580261,314647,75,-0.413269123347495
27,"Cariboo-Chilcotin",2021,"07","382",429.8149,426.0136,107.8806,7.22318887710571,370982,119,-0.374364812024984
28,"Quesnel",2021,"07","89",318.9146,284.848,119.957,7.10367321968079,82550,63,-1.31297289977487
33,"Chilliwack",2021,"07","1010",438.032,439.6537,98.5211,5.7961790561676,32131,12,-0.304819134350086
34,"Abbotsford",2021,"07","1375",447.7546,450.4482,102.7584,5.97451548576355,750,5,-0.222531611286965
35,"Langley",2021,"07","1627",457.5554,456.4769,110.1524,6.03630766868591,692,3,-0.139582240127291
36,"Surrey",2021,"07","2514",467.4481,470.7868,116.5568,5.8761908531189,314,3,-0.0558550705012101
37,"Delta",2021,"07","770",455.0918,461.1319,113.6102,6.01435718536377,93,3,-0.160432994227872
38,"Richmond",2021,"07","1251",524.8271,531.8899,113.6188,5.80526304244995,93,3,0.429773854461127
39,"Vancouver",2021,"07","1662",515.2969,522.4444,113.5969,5.40596942901611,102,4,0.349114714694382
40,"New Westminster",2021,"07","380",488.509,495.6247,107.4063,5.79838089942932,91,2,0.122394502090492
41,"Burnaby",2021,"07","951",516.573,517.4585,110.8634,5.69442882537842,100,3,0.35991502615231
42,"Maple Ridge-Pitt Meadows",2021,"07","239",440.8821,444.304,100.0497,4.79752912521362,1356,9,-0.280697225654654
43,"Coquitlam",2021,"07","1691",466.4711,473.4463,118.2273,4.56555519104004,967,7,-0.0641239399427866
44,"North Vancouver",2021,"07","1081",506.7024,514.3216,111.5332,4.25302891731262,325,5,0.276374900553515
45,"West Vancouver",2021,"07","532",572.2924,575.7967,91.3827,4.32778949737549,102,4,0.831497875653808
46,"Sunshine Coast",2021,"07","221",466.4164,471.7237,99.5557,4.26075830459595,113,7,-0.0645868950691469
47,"qathet",2021,"07","154",459.609,464.512,132.3589,3.98186860084534,123,7,-0.122201533591753
48,"Sea to Sky",2021,"07","367",442.3429,443.7657,99.8961,4.79447431564331,124909,22,-0.268333700086328
49,"Central Coast",2021,"07","Msk",294.6407,288.1078,82.5637,3.09833183288574,29566,10,-1.5184157963336
50,"Haida Gwaii",2021,"07","22",448.7439,434.5057,131.563,2.95845508575439,2,1,-0.214158640418437
51,"Boundary",2021,"07","86",457.9996,444.7834,100.8501,15.2406962871552,145663,51,-0.135822739814141
52,"Prince Rupert",2021,"07","126",428.0458,420.7291,115.7186,2.69475197792053,6,2,-0.389337644091609
53,"Okanagan Similkameen",2021,"07","176",450.0991,442.068,95.9238,15.9444799900055,141837,37,-0.202688863686375
54,"Bulkley Valley",2021,"07","149",442.5767,434.0551,125.2968,3.25132393836975,20128,6,-0.266354926621189
57,"Prince George",2021,"07","940",432.4653,434.1701,101.0731,6.93570141792297,91708,95,-0.351933070399648
58,"Nicola-Similkameen",2021,"07","129",405.797,399.0149,95.48,12.0246702671051,358087,79,-0.577641044738223
59,"Peace River South",2021,"07","231",440.171,446.7264,99.2878,5.90595555305481,14633,29,-0.286715642297341
60,"Peace River North",2021,"07","448",430.1755,428.4184,108.5098,6.48635911941528,66919,30,-0.371312862873876
61,"Greater Victoria",2021,"07","782",451.5631,460.1279,116.0761,4.90326528549194,91,2,-0.19029825481998
62,"Sooke",2021,"07","249",437.0128,438.4975,115.9364,4.49830951690674,93,3,-0.313445164784941
63,"Saanich",2021,"07","278",467.0862,467.4083,104.4821,4.41692023277283,91,2,-0.0589180222421583
64,"Gulf Islands",2021,"07","111",482.0021,476.3346,77.852,4.44332914352417,93,3,0.0673231545271425
67,"Okanagan Skaha",2021,"07","443",426.1553,424.9822,92.5567,13.3231767177582,162307,45,-0.405337948778712
68,"Nanaimo-Ladysmith",2021,"07","700",441.5673,450.1607,112.0968,4.26177315711975,95,4,-0.27489801445571
69,"Qualicum",2021,"07","254",457.5602,464.8899,108.2404,4.23198227882385,95,4,-0.139541615180188
70,"Pacific Rim",2021,"07","264",434.4407,432.451,111.9325,3.56606168746948,95,4,-0.335214211960661
71,"Comox Valley",2021,"07","564",459.1865,464.9951,109.719,3.76225433349609,72,4,-0.125777375289876
72,"Campbell River",2021,"07","398",446.514,446.567,102.9243,3.58294682502747,35,5,-0.233031467406943
73,"Kamloops-Thompson",2021,"07","1129",450.4449,449.9639,104.997,16.2005412578583,487894,156,-0.199762174788835
74,"Gold Trail",2021,"07","75",450.3843,451.9272,99.4939,13.9555627346039,447297,86,-0.200275064746009
75,"Mission",2021,"07","352",389.3972,390.3834,95.1431,5.15682182312012,102910,14,-0.716441254633783
78,"Fraser-Cascade",2021,"07","85",393.9168,379.5831,95.4892,7.94433813095093,214785,33,-0.678189481524112
79,"Cowichan Valley",2021,"07","516",415.0634,420.2875,108.2706,3.8973904132843,95,4,-0.49921458435601
81,"Fort Nelson",2021,"07","67",547.1405,542.7165,65.1127,5.6731662273407,10151,20,0.618623999187501
82,"Coast Mountains",2021,"07","245",372.9776,373.154,97.0861,2.84259734153748,89,2,-0.855409042436143
83,"K̓wsaltktnéws ne Secwepemcúl’ecw",2021,"07","502",443.7163,447.5903,99.2723,18.8847627639771,271173,111,-0.256709887096501
84,"Vancouver Island West",2021,"07","11",367.1544,363.927,71.3023,3.30010356903076,2,1,-0.904693874096518
85,"Vancouver Island North",2021,"07","76",433.6252,454.8242,111.6567,3.16599497795105,9488,7,-0.342116221202837
87,"Stikine",2021,"07","Msk",327.0144,318.7346,55.977,3.53941216468811,30725,8,-1.2444199942448
91,"Nechako Lakes",2021,"07","208",415.0225,420.2903,99.5422,4.7309681892395,120197,56,-0.49956074275945
92,"Nisga'a",2021,"07","32",297.1264,292.6332,62.2084,2.78550357818604,4,1,-1.49737799820573
5,"Southeast Kootenay",2022,"04","347",433.5294,429.92,99.159,6.76822457313538,9106,28,-0.410259713536774
6,"Rocky Mountain",2022,"04","260",457.9122,460.2238,84.5463,5.6676411151886,11412,69,-0.192121813968885
8,"Kootenay Lake",2022,"04","322",446.5595,455.4572,101.3357,7.2078902721405,12044,70,-0.29368743122467
10,"Arrow Lakes",2022,"04","41",482.9377,472.6257,90.9027,5.26500639915466,8743,63,0.0317659268006836
19,"Revelstoke",2022,"04","99",511.5918,522.108,91.8424,5.62478404045105,3912,53,0.288116517709368
20,"Kootenay-Columbia",2022,"04","314",470.9272,470.0215,92.8618,6.62234983444214,4233,22,-0.0756846220599942
22,"Vernon",2022,"04","625",460.4236,458.9813,95.0518,4.9795193195343,10112,65,-0.169653864390706
23,"Central Okanagan",2022,"04","1510",476.4939,475.8366,93.995,5.74871883392334,7429,29,-0.0258827844726554
27,"Cariboo-Chilcotin",2022,"04","339",405.6849,406.1399,83.0357,4.57907514572144,8624,68,-0.659367311700976
28,"Quesnel",2022,"04","134",374.5083,377.0356,101.353,4.81094813346863,154,21,-0.938285157053777
33,"Chilliwack",2022,"04","967",459.3219,458.7295,97.6838,8.80363812446594,7034,13,-0.179510095994703
34,"Abbotsford",2022,"04","1386",452.1144,452.6562,93.7301,5.95654945373535,944,6,-0.243991160972293
35,"Langley",2022,"04","1520",472.7244,474.5737,101.211,5.26206102371216,586,3,-0.0596061801622874
36,"Surrey",2022,"04","2524",441.2285,443.8935,115.7468,5.00396366119385,11,2,-0.341380606028074
37,"Delta",2022,"04","682",462.7131,462.6052,104.6574,4.98578834533691,11,2,-0.149171117492865
38,"Richmond",2022,"04","1268",514.1071,515.0594,104.9265,5.1101185798645,13,3,0.310619358186388
39,"Vancouver",2022,"04","1766",492.3352,498.7326,107.5773,5.1184531211853,13,3,0.115839573436396
40,"New Westminster",2022,"04","472",473.5178,477.2498,96.324,6.20888338088989,11,2,-0.0525081188437691
41,"Burnaby",2022,"04","1062",508.8934,514.8069,110.2709,5.9249062538147,11,2,0.263975594263578
42,"Maple Ridge-Pitt Meadows",2022,"04","420",436.0912,439.2593,97.3934,5.66081786155701,9606,12,-0.38734086618893
43,"Coquitlam",2022,"04","1604",474.7349,475.4837,103.263,5.1074547290802,4801,8,-0.0416194744893853
44,"North Vancouver",2022,"04","1052",485.6146,491.1443,99.4424,4.92049655914307,13,3,0.0557145029836191
45,"West Vancouver",2022,"04","443",575.9812,579.9597,89.6737,4.62468099594116,13,3,0.864168836164864
46,"Sunshine Coast",2022,"04","223",491.4886,494.9388,83.8516,4.09577641487122,377,11,0.108265564472119
47,"qathet",2022,"04","187",446.0355,433.0909,133.1871,3.74423117637634,1502,15,-0.29837533660771
48,"Sea to Sky",2022,"04","414",456.2183,463.093,103.6588,5.02293920516968,15880,32,-0.207276094366462
49,"Central Coast",2022,"04","Msk",481.5713,505.8349,94.4227,2.98295669555664,465,9,0.0195415872675059
50,"Haida Gwaii",2022,"04","17",403.5107,399.4389,93.1082,2.57779560089111,0,0,-0.678818540486862
51,"Boundary",2022,"04","92",442.4021,437.8969,83.9532,5.49081420898438,8759,25,-0.330881129391556
52,"Prince Rupert",2022,"04","94",383.4797,372.6503,106.648,2.40707120895386,62,2,-0.858023564776296
53,"Okanagan Similkameen",2022,"04","159",458.366,440.9922,98.0436,9.34196925163269,12994,19,-0.188061944765023
54,"Bulkley Valley",2022,"04","145",450.0602,441.6324,99.3217,3.70792746543884,477,9,-0.262368823639926
57,"Prince George",2022,"04","906",430.4878,427.2566,93.0653,4.95587177276611,39576,39,-0.437471036080768
58,"Nicola-Similkameen",2022,"04","120",415.8683,419.0114,97.4922,6.9905357837677,25185,60,-0.568262701629137
59,"Peace River South",2022,"04","282",442.9407,442.1117,93.7879,6.0575674533844,39479,32,-0.326062606797463
60,"Peace River North",2022,"04","445",460.3591,454.7094,89.8087,6.63224911689758,35488,40,-0.170230906179268
61,"Greater Victoria",2022,"04","948",485.1918,488.0429,108.372,3.79376921653748,0,0,0.05193197169364
62,"Sooke",2022,"04","556",425.1367,427.857,101.6769,3.15481648445129,0,0,-0.485344033208978
63,"Saanich",2022,"04","347",480.2914,481.1077,101.1922,4.03016214370728,0,0,0.00809110997790252
64,"Gulf Islands",2022,"04","94",480.9485,484.6896,99.157,4.1980749130249,0,0,0.0139697791137714
67,"Okanagan Skaha",2022,"04","374",472.6356,481.3376,92.2887,7.91875472068787,12374,21,-0.0604006190897948
68,"Nanaimo-Ladysmith",2022,"04","749",431.5852,436.3577,104.8566,3.5620285987854,8,2,-0.427653273929342
69,"Qualicum",2022,"04","328",480.3497,473.2765,97.1551,3.47901787757874,521,5,0.00861268418368702
70,"Pacific Rim",2022,"04","266",438.6061,436.3942,100.5804,3.13931250572205,997,8,-0.364841604265636
71,"Comox Valley",2022,"04","587",461.4471,459.0732,99.7162,3.41584982872009,1005,10,-0.160497240040438
72,"Campbell River",2022,"04","403",428.7993,421.2895,95.3417,3.6203887462616,1622,17,-0.452577006003024
73,"Kamloops-Thompson",2022,"04","1051",464.3843,465.2483,101.0535,5.1243109703064,13539,81,-0.134219920019324
74,"Gold Trail",2022,"04","73",410.439,383.811,100.1418,7.39522957801819,17238,73,-0.616835306011075
75,"Mission",2022,"04","314",416.7602,411.4198,105.4846,5.96398038864136,5962,17,-0.560283421455219
78,"Fraser-Cascade",2022,"04","35",374.4896,370.0252,98.3066,9.09447994232178,23877,40,-0.938452454440538
79,"Cowichan Valley",2022,"04","592",413.6389,412.1529,95.1541,3.21502151489258,6,1,-0.588207770829419
81,"Fort Nelson",2022,"04","37",568.305,583.8042,65.8082,8.24756326675415,6017,24,0.795494600857063
82,"Coast Mountains",2022,"04","269",409.4286,406.0136,93.1256,3.11454205513,477,13,-0.625874732726768
83,"K̓wsaltktnéws ne Secwepemcúl’ecw",2022,"04","455",460.0751,465.0668,95.0128,5.60066637992859,3554,64,-0.1727716793258
84,"Vancouver Island West",2022,"04","13",486.8479,507.9781,102.203,3.38205308914185,997,8,0.0667480787639674
85,"Vancouver Island North",2022,"04","82",451.1871,441.8282,94.1105,3.28006386756897,1609,15,-0.252287143151096
87,"Stikine",2022,"04","Msk",422.6112,414.1495,56.4761,3.73261666297913,17577,27,-0.507938126806051
91,"Nechako Lakes",2022,"04","179",414.0657,406.4413,100.9403,3.61224551200867,3233,37,-0.584389454002165
92,"Nisga'a",2022,"04","27",374.8024,382.9724,103.2902,3.06262254714966,63,3,-0.935654025425624
5,"Southeast Kootenay",2022,"07","446",413.6939,409.4089,91.9227,6.76822457313538,9106,28,-0.475591592282125
6,"Rocky Mountain",2022,"07","289",467.5834,471.9677,95.5232,5.6676411151886,11412,69,-0.00620684128742752
8,"Kootenay Lake",2022,"07","294",423.7428,420.3146,95.8154,7.2078902721405,12044,70,-0.388064329563587
10,"Arrow Lakes",2022,"07","34",465.4505,488.2801,90.4296,5.26500639915466,8743,63,-0.0247846854944918
19,"Revelstoke",2022,"07","77",512.1172,516.0156,92.1683,5.62478404045105,3912,53,0.381688511682032
20,"Kootenay-Columbia",2022,"07","269",450.0691,448.5495,100.1828,6.62234983444214,4233,22,-0.158758736264119
22,"Vernon",2022,"07","616",438.5502,438.0007,94.3013,4.9795193195343,10112,65,-0.259089895548076
23,"Central Okanagan",2022,"07","1478",416.3554,415.1827,99.6507,5.74871883392334,7429,29,-0.45240957139174
27,"Cariboo-Chilcotin",2022,"07","323",419.8488,418.5503,101.1378,4.57907514572144,8624,68,-0.421981590261374
28,"Quesnel",2022,"07","94",361.0332,346.1678,106.7251,4.81094813346863,154,21,-0.934273330964177
33,"Chilliwack",2022,"07","943",416.8798,411.328,92.6541,8.80363812446594,7034,13,-0.447841977270035
34,"Abbotsford",2022,"07","1327",448.0943,446.1232,102.6355,5.95654945373535,944,6,-0.175959508330372
35,"Langley",2022,"07","1599",451.4387,449.4551,106.7558,5.26206102371216,586,3,-0.146829337123984
36,"Surrey",2022,"07","2515",454.2553,450.3094,117.2318,5.00396366119385,11,2,-0.122296374493941
37,"Delta",2022,"07","742",464.8612,462.0621,102.1578,4.98578834533691,11,2,-0.0299175672944931
38,"Richmond",2022,"07","1206",521.6919,529.25,105.3824,5.1101185798645,13,3,0.465085428991506
39,"Vancouver",2022,"07","1796",506.0855,509.1732,109.2645,5.1184531211853,13,3,0.329151598135335
40,"New Westminster",2022,"07","366",475.0784,480.9613,98.6355,6.20888338088989,11,2,0.0590756109287789
41,"Burnaby",2022,"07","1013",504.3264,515.4057,110.3847,5.9249062538147,11,2,0.313829601912048
42,"Maple Ridge-Pitt Meadows",2022,"07","270",422.9648,407.479,109.6285,5.66081786155701,9606,12,-0.39484081359617
43,"Coquitlam",2022,"07","1619",460.4568,463.1007,106.4825,5.1074547290802,4801,8,-0.0682804802419327
44,"North Vancouver",2022,"07","1124",492.0295,500.2533,100.647,4.92049655914307,13,3,0.206721958595508
45,"West Vancouver",2022,"07","468",578.09,582.5758,98.6868,4.62468099594116,13,3,0.95632042143111
46,"Sunshine Coast",2022,"07","225",457.819,462.4647,99.6921,4.09577641487122,377,11,-0.0912560709632012
47,"qathet",2022,"07","168",463.3092,461.6319,116.3092,3.74423117637634,1502,15,-0.0434356948247871
48,"Sea to Sky",2022,"07","367",422.7417,424.7265,96.7422,5.02293920516968,15880,32,-0.39678404442865
49,"Central Coast",2022,"07","17",450.7097,454.0697,150.3104,2.98295669555664,465,9,-0.153179024604386
50,"Haida Gwaii",2022,"07","39",369.5883,339.0667,97.1818,2.57779560089111,0,0,-0.859757265993547
51,"Boundary",2022,"07","107",442.5169,434.9296,95.6997,5.49081420898438,8759,25,-0.224539408128993
52,"Prince Rupert",2022,"07","136",367.542,346.1678,96.5308,2.40707120895386,62,2,-0.877580812620635
53,"Okanagan Similkameen",2022,"07","153",456.0134,454.4437,95.2221,9.34196925163269,12994,19,-0.106983088404373
54,"Bulkley Valley",2022,"07","148",438.5889,425.6384,104.533,3.70792746543884,477,9,-0.258752813373191
57,"Prince George",2022,"07","932",420.3427,417.843,97.615,4.95587177276611,39576,39,-0.417679655218067
58,"Nicola-Similkameen",2022,"07","126",434.5661,424.3419,106.0141,6.9905357837677,25185,60,-0.293791939293852
59,"Peace River South",2022,"07","252",446.6342,444.9216,98.7311,6.0575674533844,39479,32,-0.188677174571984
60,"Peace River North",2022,"07","397",425.0991,423.4756,99.3685,6.63224911689758,35488,40,-0.376250775201901
61,"Greater Victoria",2022,"07","783",448.0368,446.5239,109.4938,3.79376921653748,0,0,-0.176460341019155
62,"Sooke",2022,"07","457",404.9559,403.1716,104.9221,3.15481648445129,0,0,-0.551700740709771
63,"Saanich",2022,"07","312",459.7716,462.086,107.1501,4.03016214370728,0,0,-0.0742486638654878
64,"Gulf Islands",2022,"07","137",477.3722,492.2957,95.422,4.1980749130249,0,0,0.0790549156510653
67,"Okanagan Skaha",2022,"07","426",433.947,431.2608,89.9863,7.91875472068787,12374,21,-0.299184383078649
68,"Nanaimo-Ladysmith",2022,"07","743",425.6424,420.2224,109.4429,3.5620285987854,8,2,-0.371518559552926
69,"Qualicum",2022,"07","283",450.879,456.8949,99.076,3.47901787757874,521,5,-0.151704398965933
70,"Pacific Rim",2022,"07","277",429.1321,428.6588,94.0222,3.13931250572205,997,8,-0.341122805917317
71,"Comox Valley",2022,"07","599",445.9463,442.5547,101.0389,3.41584982872009,1005,10,-0.194668875556577
72,"Campbell River",2022,"07","362",420.5887,421.9885,101.0458,3.6203887462616,1622,17,-0.415536962323445
73,"Kamloops-Thompson",2022,"07","1066",449.8948,451.3229,94.8663,5.1243109703064,13539,81,-0.160276912571162
74,"Gold Trail",2022,"07","75",424.1921,416.0674,116.0584,7.39522957801819,17238,73,-0.384150866484102
75,"Mission",2022,"07","236",387.4856,376.9593,92.1652,5.96398038864136,5962,17,-0.703869389802872
78,"Fraser-Cascade",2022,"07","63",380.9772,380.4131,96.2541,9.09447994232178,23877,40,-0.760558424092927
79,"Cowichan Valley",2022,"07","549",408.1319,403.0615,103.3487,3.21502151489258,6,1,-0.52403735602149
81,"Fort Nelson",2022,"07","47",516.1151,501.3053,50.6557,8.24756326675415,6017,24,0.416510755273115
82,"Coast Mountains",2022,"07","208",365.6418,352.391,91.791,3.11454205513,477,13,-0.894131808711527
83,"K̓wsaltktnéws ne Secwepemcúl’ecw",2022,"07","499",436.8484,431.0515,94.6525,5.60066637992859,3554,64,-0.273912801109322
84,"Vancouver Island West",2022,"07","29",331.5917,320.2208,81.8794,3.38205308914185,997,8,-1.19071273282187
85,"Vancouver Island North",2022,"07","92",449.6271,446.3816,103.9819,3.28006386756897,1609,15,-0.162608615367463
87,"Stikine",2022,"07","13",348.8475,338.3542,86.6159,3.73261666297913,17577,27,-1.04041240741128
91,"Nechako Lakes",2022,"07","232",436.6691,425.4659,99.4605,3.61224551200867,3233,37,-0.275474528084955
92,"Nisga'a",2022,"07","29",355.1004,366.1041,77.6014,3.06262254714966,63,3,-0.985948812286166
5,"Southeast Kootenay",2023,"04","354",426.5533,428.9039,95.4177,14.7323289871216,26831,23,-0.450791384663465
6,"Rocky Mountain",2023,"04","267",455.1988,460.5193,91.9214,18.7983540534973,41153,76,-0.196462452400168
8,"Kootenay Lake",2023,"04","291",446.2221,449.4353,107.2321,16.8395694732666,33944,59,-0.276162039638929
10,"Arrow Lakes",2023,"04","36",498.1172,494.5229,82.1094,16.5972396850586,27184,52,0.184588353012518
19,"Revelstoke",2023,"04","92",496.8447,504.0633,103.1459,18.3709336280823,67922,71,0.173290467958843
20,"Kootenay-Columbia",2023,"04","309",458.8519,459.5878,97.4808,13.6168760299683,417,14,-0.164028421838612
22,"Vernon",2023,"04","609",465.0255,467.9795,95.0256,12.9176139831543,66527,65,-0.109216144300406
23,"Central Okanagan",2023,"04","1508",469.0367,471.8844,96.6761,13.8244333267212,102649,40,-0.0736027246325859
27,"Cariboo-Chilcotin",2023,"04","321",424.5001,417.0416,107.7225,16.4950023651123,279533,156,-0.469020710865591
28,"Quesnel",2023,"04","145",392.5803,398.2256,114.1238,22.0506067276001,182866,108,-0.752420499734977
33,"Chilliwack",2023,"04","968",482.2463,485.8175,100.9763,7.76600456237793,15850,14,0.0436786446444474
34,"Abbotsford",2023,"04","1357",461.5649,461.5606,97.2191,7.16691131591797,2349,11,-0.139941064549323
35,"Langley",2023,"04","1777",471.3492,473.2653,102.8869,6.82045812606812,1108,9,-0.053071204643098
36,"Surrey",2023,"04","4480",439.582,439.6649,109.132,6.30403995513916,1287,9,-0.335116135155556
37,"Delta",2023,"04","794",451.9669,457.9817,103.4961,6.22429113388062,1284,7,-0.22515686081272
38,"Richmond",2023,"04","1472",502.4993,507.87,97.8044,5.85374450683594,495,5,0.223494806524273
39,"Vancouver",2023,"04","2182",495.684,503.471,112.4034,5.75422782897949,815,8,0.162985198660768
40,"New Westminster",2023,"04","425",483.1274,483.4802,101.2077,7.38107500076294,1284,7,0.0515014867040097
41,"Burnaby",2023,"04","1227",502.4164,509.4403,104.8474,7.10383682250977,1284,7,0.222758779277947
42,"Maple Ridge-Pitt Meadows",2023,"04","417",450.2153,449.0326,97.2811,7.49980592727661,24875,27,-0.24070843288346
43,"Coquitlam",2023,"04","1766",479.6366,482.2461,106.3507,6.34602212905884,1425,14,0.0205084359021481
44,"North Vancouver",2023,"04","1124",484.8569,490.6568,108.966,6.18119020462036,1424,12,0.0668568440323637
45,"West Vancouver",2023,"04","420",571.873,582.1004,91.1542,5.78670024871826,532,8,0.83942886416524
46,"Sunshine Coast",2023,"04","223",482.9021,481.5229,88.1253,5.95538711547852,3272,22,0.0495011617510879
47,"qathet",2023,"04","167",468.3897,467.43,120.3551,6.56984186172485,5856,35,-0.0793471109820771
48,"Sea to Sky",2023,"04","322",465.486,470.4254,94.4768,9.89117460250855,37045,39,-0.10512759729277
49,"Central Coast",2023,"04","12",459.7298,483.7964,122.4656,7.690509557724,124633,46,-0.156233990963468
50,"Haida Gwaii",2023,"04","29",373.725,343.478,114.8645,3.47266235351562,0,0,-0.919827188970778
51,"Boundary",2023,"04","88",452.334,460.3367,100.6286,12.2455528259277,58160,28,-0.22189756525028
52,"Prince Rupert",2023,"04","76",419.1859,410.9845,121.1566,3.88028545379639,670,9,-0.516202809688569
53,"Okanagan Similkameen",2023,"04","180",450.3417,453.0082,97.0515,25.1046629905701,59283,25,-0.239586191098954
54,"Bulkley Valley",2023,"04","135",430.138,426.0387,94.9386,8.6259313583374,103355,68,-0.418964643168842
57,"Prince George",2023,"04","873",427.1507,430.9376,100.3544,27.7876602172852,327230,144,-0.445487371672451
58,"Nicola-Similkameen",2023,"04","123",418.1916,418.8259,112.3279,9.20546855926514,127137,55,-0.525030697396914
59,"Peace River South",2023,"04","277",451.6885,452.3185,94.7908,40.3408996582031,93682,61,-0.227628633857076
60,"Peace River North",2023,"04","408",449.3075,446.1891,93.2826,78.8099227905273,1637671,96,-0.248768330763009
61,"Greater Victoria",2023,"04","935",483.2132,489.9402,98.8907,5.26599140167236,2,1,0.0522632615862138
62,"Sooke",2023,"04","659",428.6858,435.4515,106.3956,4.98529047966003,231,4,-0.431857993797484
63,"Saanich",2023,"04","421",478.6054,481.299,98.1663,5.3712495803833,2,1,0.0113529317234842
64,"Gulf Islands",2023,"04","88",495.4485,498.851,95.3241,5.35700168609619,2,1,0.160894313057514
67,"Okanagan Skaha",2023,"04","366",458.8012,459.6502,98.6583,12.3358031272888,58058,27,-0.164478561541733
68,"Nanaimo-Ladysmith",2023,"04","986",435.8732,438.655,108.8852,4.73152589797974,564,10,-0.368044697895886
69,"Qualicum",2023,"04","294",476.3114,478.7007,98.4662,4.54075651168823,1875,12,-0.00901433610608758
70,"Pacific Rim",2023,"04","273",409.531,412.3534,96.1672,4.68039088249207,2317,16,-0.601923792324896
71,"Comox Valley",2023,"04","616",447.1293,444.874,107.7389,4.75474510192871,2977,24,-0.268107468856459
72,"Campbell River",2023,"04","445",435.3031,441.0729,98.5291,7.33831443786621,21530,45,-0.373106327969835
73,"Kamloops-Thompson",2023,"04","1162",452.7271,454.6869,94.2993,19.2408010482788,117629,106,-0.218407428814446
74,"Gold Trail",2023,"04","67",396.9076,379.9905,105.1727,12.6307195663452,83077,71,-0.714000587756378
75,"Mission",2023,"04","288",419.6222,422.4941,99.5478,7.22618789672852,25143,24,-0.512329122263093
78,"Fraser-Cascade",2023,"04","84",427.0019,436.8473,97.387,8.86423215866089,83750,52,-0.446808491747883
79,"Cowichan Valley",2023,"04","604",413.2018,417.1469,103.3003,4.51695790290833,410,5,-0.569332612399529
81,"Fort Nelson",2023,"04","57",517.2515,508.0259,76.4375,115.535551452637,2055317,57,0.354472142389753
82,"Coast Mountains",2023,"04","277",423.9073,428.6407,106.0676,6.36900939941406,91799,63,-0.474283882779004
83,"K̓wsaltktnéws ne Secwepemcúl’ecw",2023,"04","444",452.8416,451.5226,90.6059,17.0334300994873,86430,72,-0.217390841121993
84,"Vancouver Island West",2023,"04","16",460.4927,464.1881,117.2414,4.53714909553528,2476,22,-0.149460587028341
85,"Vancouver Island North",2023,"04","66",474.2105,472.86,77.4531,5.84333906173706,26729,43,-0.0276671665259424
87,"Stikine",2023,"04","11",377.5567,382.0052,108.6669,14.6298558235168,749755,30,-0.885807459178899
91,"Nechako Lakes",2023,"04","175",421.3016,425.0979,93.7596,22.1923387527466,474094,186,-0.497418577540781
92,"Nisga'a",2023,"04","23",291.2579,275.8216,74.805,5.35394420623779,505,11,-1.6520109347546
5,"Southeast Kootenay",2023,"07","400",399.3926,390.5723,97.1669,14.7323289871216,26831,23,-0.522653543928788
6,"Rocky Mountain",2023,"07","255",438.5415,442.5319,90.474,18.7983540534973,41153,76,-0.186670316957374
8,"Kootenay Lake",2023,"07","356",441.7334,454.3759,107.6374,16.8395694732666,33944,59,-0.159276830494917
10,"Arrow Lakes",2023,"07","29",488.0373,520.6046,111.8957,16.5972396850586,27184,52,0.238111952928415
19,"Revelstoke",2023,"07","91",490.4037,493.8277,100.7997,18.3709336280823,67922,71,0.25842084304551
20,"Kootenay-Columbia",2023,"07","367",444.5468,441.3577,98.6715,13.6168760299683,417,14,-0.135131702259862
22,"Vernon",2023,"07","624",444.9858,441.3493,96.2299,12.9176139831543,66527,65,-0.131364121647368
23,"Central Okanagan",2023,"07","1465",419.2567,419.2212,102.6548,13.8244333267212,102649,40,-0.352176099635772
27,"Cariboo-Chilcotin",2023,"07","334",424.346,426.672,105.7494,16.4950023651123,279533,156,-0.308498769314214
28,"Quesnel",2023,"07","117",326.6383,310.2013,95.29,22.0506067276001,182866,108,-1.14704463767718
33,"Chilliwack",2023,"07","974",428.9467,427.0244,99.1861,7.76600456237793,15850,14,-0.269014696139045
34,"Abbotsford",2023,"07","1405",434.2337,432.5758,98.8764,7.16691131591797,2349,11,-0.223640667213638
35,"Langley",2023,"07","1830",444.6379,449.3055,114.481,6.82045812606812,1108,9,-0.134349864916358
36,"Surrey",2023,"07","4874",434.4648,432.3687,113.7892,6.30403995513916,1287,9,-0.221657323524464
37,"Delta",2023,"07","765",450.2614,456.4494,101.1713,6.22429113388062,1284,7,-0.0860879296672515
38,"Richmond",2023,"07","1395",516.1446,522.4508,107.2843,5.85374450683594,495,5,0.479334090854477
39,"Vancouver",2023,"07","1999",495.5757,504.7308,114.3697,5.75422782897949,815,8,0.302807920329831
40,"New Westminster",2023,"07","372",462.3172,455.0259,112.2093,7.38107500076294,1284,7,0.017377214633661
41,"Burnaby",2023,"07","1141",494.7243,500.6694,111.4638,7.10383682250977,1284,7,0.295501045310521
42,"Maple Ridge-Pitt Meadows",2023,"07","304",427.5578,428.1407,103.342,7.49980592727661,24875,27,-0.280934497306909
43,"Coquitlam",2023,"07","1746",461.7864,467.6285,110.7819,6.34602212905884,1425,14,0.0128217891459352
44,"North Vancouver",2023,"07","1107",493.3729,495.7971,97.989,6.18119020462036,1424,12,0.283903076199533
45,"West Vancouver",2023,"07","533",560.4676,564.1585,88.9169,5.78670024871826,532,8,0.859722417705397
46,"Sunshine Coast",2023,"07","229",463.4171,453.4956,95.1928,5.95538711547852,3272,22,0.0268167634165349
47,"qathet",2023,"07","160",414.2639,402.4696,98.7991,6.56984186172485,5856,35,-0.395025248797636
48,"Sea to Sky",2023,"07","347",414.5495,413.6112,106.7641,9.89117460250855,37045,39,-0.392574175852468
49,"Central Coast",2023,"07","12",394.161,375.6655,104.9106,7.690509557724,124633,46,-0.567552119628837
50,"Haida Gwaii",2023,"07","41",378.635,374.3928,86.8741,3.47266235351562,0,0,-0.700799173363634
51,"Boundary",2023,"07","90",444.6516,435.1479,97.6136,12.2455528259277,58160,28,-0.134232288938246
52,"Prince Rupert",2023,"07","68",360.7867,352.1182,83.1476,3.88028545379639,670,9,-0.85397664271664
53,"Okanagan Similkameen",2023,"07","202",442.5028,446.3946,100.8772,25.1046629905701,59283,25,-0.152673694906643
54,"Bulkley Valley",2023,"07","141",439.3907,413.2249,131.9556,8.6259313583374,103355,68,-0.179382322752068
57,"Prince George",2023,"07","879",421.3075,414.0032,104.7601,27.7876602172852,327230,144,-0.334575748109344
58,"Nicola-Similkameen",2023,"07","153",430.301,415.3712,128.7842,9.20546855926514,127137,55,-0.257391838682325
59,"Peace River South",2023,"07","301",425.0558,427.1502,91.4204,40.3408996582031,93682,61,-0.302407132141668
60,"Peace River North",2023,"07","408",408.4302,411.7332,101.1263,78.8099227905273,1637671,96,-0.445091160002883
61,"Greater Victoria",2023,"07","791",454.367,458.8557,109.8478,5.26599140167236,2,1,-0.0508528978616617
62,"Sooke",2023,"07","614",403.6707,402.5432,102.7121,4.98529047966003,231,4,-0.48593808466157
63,"Saanich",2023,"07","302",456.9721,459.3015,113.035,5.3712495803833,2,1,-0.0284954394251991
64,"Gulf Islands",2023,"07","99",460.4996,466.6075,102.6034,5.35700168609619,2,1,0.00177822939159152
67,"Okanagan Skaha",2023,"07","384",432.8942,430.6834,93.8359,12.3358031272888,58058,27,-0.235136508285244
68,"Nanaimo-Ladysmith",2023,"07","1001",420.4656,423.7486,113.3457,4.73152589797974,564,10,-0.341801092340912
69,"Qualicum",2023,"07","315",466.6329,483.3418,101.205,4.54075651168823,1875,12,0.0544153641765735
70,"Pacific Rim",2023,"07","262",412.8032,414.9376,95.2343,4.68039088249207,2317,16,-0.407561251077064
71,"Comox Valley",2023,"07","664",455.3574,453.2433,103.7552,4.75474510192871,2977,24,-0.0423530986848655
72,"Campbell River",2023,"07","418",418.7531,420.2232,104.3173,7.33831443786621,21530,45,-0.35649808960491
73,"Kamloops-Thompson",2023,"07","1148",437.5768,438.7389,97.7744,19.2408010482788,117629,106,-0.194949553897858
74,"Gold Trail",2023,"07","73",411.8846,397.3053,118.8125,12.6307195663452,83077,71,-0.415444849142296
75,"Mission",2023,"07","271",384.5571,391.6217,100.1566,7.22618789672852,25143,24,-0.649974596722977
78,"Fraser-Cascade",2023,"07","89",351.673,344.8542,86.3691,8.86423215866089,83750,52,-0.932192131163298
79,"Cowichan Valley",2023,"07","620",403.9465,398.8948,104.5945,4.51695790290833,410,5,-0.4835711171606
81,"Fort Nelson",2023,"07","56",492.0403,488.9477,88.6032,115.535551452637,2055317,57,0.272466452226391
82,"Coast Mountains",2023,"07","270",375.4883,364.599,90.6603,6.36900939941406,91799,63,-0.727804744920203
83,"K̓wsaltktnéws ne Secwepemcúl’ecw",2023,"07","469",424.7502,419.9059,95.5775,17.0334300994873,86430,72,-0.305029848850502
84,"Vancouver Island West",2023,"07","31",437.9958,437.9296,131.9474,4.53714909553528,2476,22,-0.191353617049032
85,"Vancouver Island North",2023,"07","87",430.479,417.5005,104.2948,5.84333906173706,26729,43,-0.255864209185688
87,"Stikine",2023,"07","10",378.6028,356.4207,87.9018,14.6298558235168,749755,30,-0.701075519823138
91,"Nechako Lakes",2023,"07","183",412.1943,406.1074,96.2913,22.1923387527466,474094,186,-0.41278694546191
92,"Nisga'a",2023,"07","13",338.3941,326.8358,77.5169,5.35394420623779,505,11,-1.04615414983127
5,"Southeast Kootenay",2024,"04","395",421.4889,416.7062,97.1828,7.16253352165222,19089,17,-0.538509867111138
6,"Rocky Mountain",2024,"04","244",459.7221,457.8566,82.2295,9.13648838996887,60607,94,-0.185261837161021
8,"Kootenay Lake",2024,"04","289",459.3902,468.8878,94.2599,9.20313897132874,57714,77,-0.188328361049695
10,"Arrow Lakes",2024,"04","38",464.2687,465.2165,82.7829,9.42887034416199,39686,71,-0.143254432785473
19,"Revelstoke",2024,"04","79",505.6035,506.9646,77.64,8.9071063041687,42347,99,0.238650212088147
20,"Kootenay-Columbia",2024,"04","302",451.0752,451.7767,101.1168,8.34203147888184,14146,37,-0.265153146028071
22,"Vernon",2024,"04","618",456.7274,464.6976,99.0085,8.05369272232056,17672,71,-0.212930770844093
23,"Central Okanagan",2024,"04","1783",476.1735,479.0753,88.9733,7.09426536560059,2788,33,-0.0332624063019422
27,"Cariboo-Chilcotin",2024,"04","306",450.5951,450.136,86.2883,6.69597744941711,151847,120,-0.269588934274387
28,"Quesnel",2024,"04","147",376.7466,357.8009,106.1201,9.40504169464111,116818,69,-0.951897428979806
33,"Chilliwack",2024,"04","1066",489.5731,487.215,98.5974,6.23011002540588,4564,7,0.0905405268064452
34,"Abbotsford",2024,"04","1387",453.2361,454.406,94.204,6.5359227180481,13,4,-0.245187941234352
35,"Langley",2024,"04","1746",470.4335,473.0947,99.9945,6.15362157821655,15,5,-0.0862959920837673
36,"Surrey",2024,"04","5006",444.1784,444.7055,102.9103,6.17668352127075,24,7,-0.328874754812059
37,"Delta",2024,"04","972",459.1924,457.5291,100.4013,6.78552484512329,171,5,-0.190155894720017
38,"Richmond",2024,"04","1419",521.7135,526.5556,95.1601,6.97090349197388,173,7,0.387495345702293
39,"Vancouver",2024,"04","2378",493.0764,501.355,107.1895,6.7281361579895,15,6,0.12290856880461
40,"New Westminster",2024,"04","502",491.4883,489.0483,95.6008,6.38296270370483,13,4,0.108235635428283
41,"Burnaby",2024,"04","1315",503.8222,507.1833,102.9895,6.25806407928467,13,4,0.222192245824529
42,"Maple Ridge-Pitt Meadows",2024,"04","496",436.2005,436.121,98.2341,6.30934820175171,1880,15,-0.402584971538334
43,"Coquitlam",2024,"04","2191",480.473,484.9065,101.9517,6.40742330551147,673,11,0.00646196688080309
44,"North Vancouver",2024,"04","1162",493.8034,499.5214,99.9037,6.12854166030884,661,8,0.129625540383597
45,"West Vancouver",2024,"04","464",567.6902,566.3952,85.2185,5.96453537940979,17,5,0.81228790030425
46,"Sunshine Coast",2024,"04","243",471.2989,477.4245,81.4967,4.91646838188171,1784,18,-0.0783003012935943
47,"qathet",2024,"04","184",469.2062,463.7816,119.7598,4.51146459579468,1256,13,-0.097635385782379
48,"Sea to Sky",2024,"04","362",452.2542,454.7808,91.7169,5.00505838394165,24762,25,-0.254260010551281
49,"Central Coast",2024,"04","Msk",411.5772,412.117,59.9396,4.50530390739441,87816,11,-0.630087043451507
50,"Haida Gwaii",2024,"04","36",403.794,422.8651,103.4057,2.79957916736603,0,0,-0.701998368339504
51,"Boundary",2024,"04","91",467.684,473.2755,88.4506,7.22281007766724,13668,41,-0.111699449245287
52,"Prince Rupert",2024,"04","103",387.5216,365.651,107.9324,3.27452096939087,126,4,-0.852343964380648
53,"Okanagan Similkameen",2024,"04","164",468.9566,477.7137,90.316,7.32116255760193,4893,22,-0.0999415152268295
54,"Bulkley Valley",2024,"04","124",465.7687,466.1937,103.0755,5.80285320281982,86977,18,-0.129395481797191
57,"Prince George",2024,"04","842",441.7513,453.2565,100.2559,9.86270475387573,38993,104,-0.351299461441164
58,"Nicola-Similkameen",2024,"04","117",450.6352,460.883,101.0537,6.63343229293823,29062,44,-0.269218438317967
59,"Peace River South",2024,"04","275",455.5137,457.9709,91.1361,10.4493045806885,2728,41,-0.224144510053745
60,"Peace River North",2024,"04","433",460.2181,459.1763,87.3981,15.6834568023682,40262,50,-0.18067914403423
61,"Greater Victoria",2024,"04","1290",478.0679,486.8346,100.7669,5.60325136184692,167,3,-0.015759475133808
62,"Sooke",2024,"04","813",444.9656,450.9937,93.054,4.12902808189392,170,6,-0.321601577333408
63,"Saanich",2024,"04","430",474.68,484.9823,98.0833,5.13632969856262,167,3,-0.0470613018359413
64,"Gulf Islands",2024,"04","97",475.0226,495.253,90.8901,5.70647234916687,171,6,-0.0438959174302177
67,"Okanagan Skaha",2024,"04","387",472.0885,475.0376,90.9762,6.71795144081116,5713,24,-0.0710049494933627
68,"Nanaimo-Ladysmith",2024,"04","1066",431.6865,437.19,104.7456,4.50160975456238,171,7,-0.444291174712403
69,"Qualicum",2024,"04","320",492.341,501.4199,94.2222,4.53997468948364,13,6,0.116113987100089
70,"Pacific Rim",2024,"04","288",456.3192,461.6997,94.2916,3.62309708595276,12,5,-0.216702253373037
71,"Comox Valley",2024,"04","670",467.4123,467.877,105.2195,4.00786929130554,12,5,-0.114209767234298
72,"Campbell River",2024,"04","405",424.848,427.1372,94.9895,4.00668578147888,696,8,-0.50747413226798
73,"Kamloops-Thompson",2024,"04","1174",468.7996,475.9251,90.9678,10.0084654808044,59470,125,-0.10139208543027
74,"Gold Trail",2024,"04","77",426.4777,421.1528,85.2922,7.00162963867187,27297,62,-0.492416843984245
75,"Mission",2024,"04","514",427.9353,430.9463,106.7842,6.20389757156372,745,13,-0.478949639343899
78,"Fraser-Cascade",2024,"04","129",450.1642,448.0236,94.0219,6.0340904712677,29045,31,-0.273570148928287
79,"Cowichan Valley",2024,"04","599",428.5838,434.2563,104.6464,3.60578002929687,171,7,-0.472957952866632
81,"Fort Nelson",2024,"04","37",535.5905,532.8791,64.2634,47.915832901001,59487,28,0.515709120945218
82,"Coast Mountains",2024,"04","251",427.4575,429.9414,98.1955,4.92552599906921,87927,20,-0.4833641771987
83,"K̓wsaltktnéws ne Secwepemcúl’ecw",2024,"04","517",462.8701,467.009,91.5712,9.36350412368774,13736,92,-0.156176518686948
84,"Vancouver Island West",2024,"04","21",471.8756,478.4418,111.4594,3.3555121421814,0,1,-0.0729719966036328
85,"Vancouver Island North",2024,"04","71",448.3224,451.8885,83.4209,3.58146510124207,20,2,-0.290587092881765
87,"Stikine",2024,"04","Msk",378.1971,346.1253,126.4418,6.78350515365601,17966,11,-0.938495823374137
91,"Nechako Lakes",2024,"04","183",428.8859,428.326,97.9806,9.23189878463745,101247,50,-0.470166760137592
92,"Nisga'a",2024,"04","22",352.1156,356.7444,91.3194,4.45962948799133,232,5,-1.17947064350805
5,"Southeast Kootenay",2024,"07","443",412.5784,406.3452,89.8207,7.16253352165222,19089,17,-0.50814672010372
6,"Rocky Mountain",2024,"07","280",456.4447,445.8446,90.5411,9.13648838996887,60607,94,-0.118072531285486
8,"Kootenay Lake",2024,"07","300",452.542,444.6737,99.2046,9.20313897132874,57714,77,-0.152776678585371
10,"Arrow Lakes",2024,"07","32",442.1583,419.5234,104.6118,9.42887034416199,39686,71,-0.245112101322914
19,"Revelstoke",2024,"07","82",467.8373,466.0305,90.3843,8.9071063041687,42347,99,-0.0167656236244652
20,"Kootenay-Columbia",2024,"07","331",451.5587,451.9804,96.3479,8.34203147888184,14146,37,-0.161520519526251
22,"Vernon",2024,"07","641",460.6319,456.5255,101.2093,8.05369272232056,17672,71,-0.0808385123821431
23,"Central Okanagan",2024,"07","1661",424.8076,418.8598,94.5442,7.09426536560059,2788,33,-0.39940047823021
27,"Cariboo-Chilcotin",2024,"07","359",419.5079,424.2588,101.8666,6.69597744941711,151847,120,-0.446527228799098
28,"Quesnel",2024,"07","143",359.0551,345.1951,94.8454,9.40504169464111,116818,69,-0.984094265950418
33,"Chilliwack",2024,"07","1077",440.5544,436.2482,93.5023,6.23011002540588,4564,7,-0.259374530373132
34,"Abbotsford",2024,"07","1389",446.9257,445.1762,103.2092,6.5359227180481,13,4,-0.202718744970268
35,"Langley",2024,"07","1805",455.9785,452.3109,109.0253,6.15362157821655,15,5,-0.122218141624791
36,"Surrey",2024,"07","5575",448.4461,442.2536,108.0734,6.17668352127075,24,7,-0.189198826566408
37,"Delta",2024,"07","1072",461.2445,458.9109,99.8035,6.78552484512329,171,5,-0.0753910630173673
38,"Richmond",2024,"07","1656",527.1132,525.8655,101.2361,6.97090349197388,173,7,0.510336014967592
39,"Vancouver",2024,"07","2333",501.8226,507.9165,113.4343,6.7281361579895,15,6,0.285443323317591
40,"New Westminster",2024,"07","413",470.645,468.7559,106.9128,6.38296270370483,13,4,0.00820140801360179
41,"Burnaby",2024,"07","1446",505.5024,509.059,107.9383,6.25806407928467,13,4,0.318165367347139
42,"Maple Ridge-Pitt Meadows",2024,"07","359",434.1232,423.5092,99.7193,6.30934820175171,1880,15,-0.316562967125897
43,"Coquitlam",2024,"07","2248",463.2693,460.5389,105.9756,6.40742330551147,673,11,-0.0573858467689226
44,"North Vancouver",2024,"07","1245",495.6049,502.8662,99.2191,6.12854166030884,661,8,0.230153401810303
45,"West Vancouver",2024,"07","482",583.6098,590.4432,88.6052,5.96453537940979,17,5,1.01272316446477
46,"Sunshine Coast",2024,"07","262",456.6582,452.8648,86.5742,4.91646838188171,1784,18,-0.116174016040008
47,"qathet",2024,"07","163",456.43,445.3176,117.9089,4.51146459579468,1256,13,-0.118203248728617
48,"Sea to Sky",2024,"07","363",427.752,418.5661,99.8089,5.00505838394165,24762,25,-0.373217863294453
49,"Central Coast",2024,"07","Msk",352.525,352.6751,68.2898,4.50530390739441,87816,11,-1.04216215543282
50,"Haida Gwaii",2024,"07","50",376.7467,363.6712,86.6048,2.79957916736603,0,0,-0.826774489290507
51,"Boundary",2024,"07","100",450.7981,430.1598,100.0365,7.22281007766724,13668,41,-0.16828403566541
52,"Prince Rupert",2024,"07","117",407.685,404.9672,113.1693,3.27452096939087,126,4,-0.551660511683205
53,"Okanagan Similkameen",2024,"07","174",454.7247,460.4588,91.3959,7.32116255760193,4893,22,-0.133367361366148
54,"Bulkley Valley",2024,"07","119",489.993,475.0591,121.0198,5.80285320281982,86977,18,0.180250461734914
57,"Prince George",2024,"07","911",430.2487,426.1634,94.807,9.86270475387573,38993,104,-0.351016350351203
58,"Nicola-Similkameen",2024,"07","145",427.5422,408.3437,107.5069,6.63343229293823,29062,44,-0.375083476870571
59,"Peace River South",2024,"07","239",421.8589,430.1219,83.238,10.4493045806885,2728,41,-0.425621330241169
60,"Peace River North",2024,"07","431",422.0935,417.4035,96.8515,15.6834568023682,40262,50,-0.423535186556911
61,"Greater Victoria",2024,"07","1323",450.1673,451.5401,96.5575,5.60325136184692,167,3,-0.173893325674062
62,"Sooke",2024,"07","781",411.2289,409.8516,103.9846,4.12902808189392,170,6,-0.520146937076891
63,"Saanich",2024,"07","316",478.8543,484.3491,104.7372,5.13632969856262,167,3,0.0812013199794058
64,"Gulf Islands",2024,"07","109",481.0504,483.5023,91.0219,5.70647234916687,171,6,0.100729794595768
67,"Okanagan Skaha",2024,"07","385",451.9054,451.2544,87.5417,6.71795144081116,5713,24,-0.15843754418383
68,"Nanaimo-Ladysmith",2024,"07","1018",437.4839,437.838,110.2322,4.50160975456238,171,7,-0.286678469770035
69,"Qualicum",2024,"07","335",464.789,465.8448,88.9266,4.53997468948364,13,6,-0.0438721530052117
70,"Pacific Rim",2024,"07","276",418.7014,408.5748,85.38,3.62309708595276,12,5,-0.453698903485176
71,"Comox Valley",2024,"07","640",479.842,481.8661,101.7612,4.00786929130554,12,5,0.0899842872297951
72,"Campbell River",2024,"07","386",426.0428,430.4073,94.2381,4.00668578147888,696,8,-0.388416656069958
73,"Kamloops-Thompson",2024,"07","1157",458.3361,453.8618,92.5552,10.0084654808044,59470,125,-0.101253553602599
74,"Gold Trail",2024,"07","81",389.8071,392.3505,103.6597,7.00162963867187,27297,62,-0.710636931857086
75,"Mission",2024,"07","470",398.4342,392.4818,88.8706,6.20389757156372,745,13,-0.633921798956572
78,"Fraser-Cascade",2024,"07","115",418.78,423.793,101.7793,6.0340904712677,29045,31,-0.452999965319862
79,"Cowichan Valley",2024,"07","575",416.9403,412.2824,106.8405,3.60578002929687,171,7,-0.469359208866022
81,"Fort Nelson",2024,"07","49",515.6641,505.0512,83.339,47.915832901001,59487,28,0.408526689923108
82,"Coast Mountains",2024,"07","298",383.876,371.0911,93.8107,4.92552599906921,87927,20,-0.763378307840468
83,"K̓wsaltktnéws ne Secwepemcúl’ecw",2024,"07","499",433.4542,429.0497,96.2205,9.36350412368774,13736,92,-0.322511944639829
84,"Vancouver Island West",2024,"07","25",372.231,351.9398,110.245,3.3555121421814,0,1,-0.866929642892394
85,"Vancouver Island North",2024,"07","75",403.436,400.5801,72.5015,3.58146510124207,20,2,-0.589444077388283
87,"Stikine",2024,"07","Msk",421.9637,433.6393,95.9984,6.78350515365601,17966,11,-0.424689412687417
91,"Nechako Lakes",2024,"07","196",443.7315,436.5802,89.1443,9.23189878463745,101247,50,-0.23112266720495
92,"Nisga'a",2024,"07","32",298.9922,297.0084,74.121,4.45962948799133,232,5,-1.51819417853869
