"SCHOOL_DISTRICT_NUMBER","year","month","SCHOOL_DISTRICT_NAME","burned_ha_50km","fire_count_50km"
5,2017,5,"South East Kootenay",0,0
5,2017,6,"South East Kootenay",39,1
5,2017,7,"South East Kootenay",1053,10
5,2017,8,"South East Kootenay",54249,17
5,2017,9,"South East Kootenay",486,3
5,2018,5,"South East Kootenay",5,1
5,2018,6,"South East Kootenay",68,6
5,2018,7,"South East Kootenay",21264,8
5,2018,8,"South East Kootenay",7645,13
5,2018,9,"South East Kootenay",0,0
5,2019,5,"South East Kootenay",3,2
5,2019,6,"South East Kootenay",57,4
5,2019,7,"South East Kootenay",38,2
5,2019,8,"South East Kootenay",0,0
5,2019,9,"South East Kootenay",0,0
5,2020,5,"South East Kootenay",0,0
5,2020,6,"South East Kootenay",0,0
5,2020,7,"South East Kootenay",7,2
5,2020,8,"South East Kootenay",7199,4
5,2020,9,"South East Kootenay",4,1
5,2021,5,"South East Kootenay",0,0
5,2021,6,"South East Kootenay",0,0
5,2021,7,"South East Kootenay",15698,16
5,2021,8,"South East Kootenay",294,2
5,2021,9,"South East Kootenay",0,0
5,2022,5,"South East Kootenay",0,0
5,2022,6,"South East Kootenay",0,0
5,2022,7,"South East Kootenay",1394,3
5,2022,8,"South East Kootenay",3754,16
5,2022,9,"South East Kootenay",0,0
5,2023,5,"South East Kootenay",57,4
5,2023,6,"South East Kootenay",6,2
5,2023,7,"South East Kootenay",19099,8
5,2023,8,"South East Kootenay",3559,4
5,2023,9,"South East Kootenay",8,1
5,2024,5,"South East Kootenay",5,2
5,2024,6,"South East Kootenay",4,1
5,2024,7,"South East Kootenay",18507,6
5,2024,8,"South East Kootenay",21,2
5,2024,9,"South East Kootenay",12,2
6,2017,5,"Rocky Mountain",0,0
6,2017,6,"Rocky Mountain",11941,5
6,2017,7,"Rocky Mountain",9971,24
6,2017,8,"Rocky Mountain",33838,18
6,2017,9,"Rocky Mountain",431,5
6,2018,5,"Rocky Mountain",5,1
6,2018,6,"Rocky Mountain",102,8
6,2018,7,"Rocky Mountain",25098,35
6,2018,8,"Rocky Mountain",20635,43
6,2018,9,"Rocky Mountain",0,0
6,2019,5,"Rocky Mountain",3,2
6,2019,6,"Rocky Mountain",6,2
6,2019,7,"Rocky Mountain",38,2
6,2019,8,"Rocky Mountain",0,0
6,2019,9,"Rocky Mountain",5,1
6,2020,5,"Rocky Mountain",0,0
6,2020,6,"Rocky Mountain",0,0
6,2020,7,"Rocky Mountain",1118,3
6,2020,8,"Rocky Mountain",7260,11
6,2020,9,"Rocky Mountain",4,1
6,2021,5,"Rocky Mountain",6,1
6,2021,6,"Rocky Mountain",0,0
6,2021,7,"Rocky Mountain",29190,56
6,2021,8,"Rocky Mountain",118,4
6,2021,9,"Rocky Mountain",0,0
6,2022,5,"Rocky Mountain",0,0
6,2022,6,"Rocky Mountain",69,1
6,2022,7,"Rocky Mountain",3308,6
6,2022,8,"Rocky Mountain",7052,44
6,2022,9,"Rocky Mountain",342,6
6,2023,5,"Rocky Mountain",1056,6
6,2023,6,"Rocky Mountain",7,1
6,2023,7,"Rocky Mountain",30870,33
6,2023,8,"Rocky Mountain",4257,11
6,2023,9,"Rocky Mountain",11,2
6,2024,5,"Rocky Mountain",5,2
6,2024,6,"Rocky Mountain",497,3
6,2024,7,"Rocky Mountain",49452,40
6,2024,8,"Rocky Mountain",138,12
6,2024,9,"Rocky Mountain",2,1
8,2017,5,"Kootenay Lake",2,1
8,2017,6,"Kootenay Lake",654,5
8,2017,7,"Kootenay Lake",10102,25
8,2017,8,"Kootenay Lake",5528,20
8,2017,9,"Kootenay Lake",384,4
8,2018,5,"Kootenay Lake",1,1
8,2018,6,"Kootenay Lake",0,0
8,2018,7,"Kootenay Lake",25409,34
8,2018,8,"Kootenay Lake",18813,43
8,2018,9,"Kootenay Lake",2,1
8,2019,5,"Kootenay Lake",3,2
8,2019,6,"Kootenay Lake",49,2
8,2019,7,"Kootenay Lake",38,2
8,2019,8,"Kootenay Lake",0,0
8,2019,9,"Kootenay Lake",5,1
8,2020,5,"Kootenay Lake",0,0
8,2020,6,"Kootenay Lake",0,0
8,2020,7,"Kootenay Lake",1113,2
8,2020,8,"Kootenay Lake",8500,14
8,2020,9,"Kootenay Lake",0,0
8,2021,5,"Kootenay Lake",12,2
8,2021,6,"Kootenay Lake",21,1
8,2021,7,"Kootenay Lake",67539,41
8,2021,8,"Kootenay Lake",561,8
8,2021,9,"Kootenay Lake",0,0
8,2022,5,"Kootenay Lake",0,0
8,2022,6,"Kootenay Lake",69,1
8,2022,7,"Kootenay Lake",1984,8
8,2022,8,"Kootenay Lake",6735,37
8,2022,9,"Kootenay Lake",334,4
8,2023,5,"Kootenay Lake",20,3
8,2023,6,"Kootenay Lake",0,0
8,2023,7,"Kootenay Lake",17564,24
8,2023,8,"Kootenay Lake",1457,15
8,2023,9,"Kootenay Lake",0,0
8,2024,5,"Kootenay Lake",5,2
8,2024,6,"Kootenay Lake",4,1
8,2024,7,"Kootenay Lake",37768,45
8,2024,8,"Kootenay Lake",97,12
8,2024,9,"Kootenay Lake",6,3
10,2017,5,"Arrow Lakes",7,2
10,2017,6,"Arrow Lakes",654,5
10,2017,7,"Arrow Lakes",8930,16
10,2017,8,"Arrow Lakes",2829,11
10,2017,9,"Arrow Lakes",2,1
10,2018,5,"Arrow Lakes",0,0
10,2018,6,"Arrow Lakes",0,0
10,2018,7,"Arrow Lakes",7779,32
10,2018,8,"Arrow Lakes",15789,42
10,2018,9,"Arrow Lakes",0,0
10,2019,5,"Arrow Lakes",0,0
10,2019,6,"Arrow Lakes",2,1
10,2019,7,"Arrow Lakes",0,0
10,2019,8,"Arrow Lakes",0,0
10,2019,9,"Arrow Lakes",10,2
10,2020,5,"Arrow Lakes",0,0
10,2020,6,"Arrow Lakes",0,0
10,2020,7,"Arrow Lakes",1111,1
10,2020,8,"Arrow Lakes",1335,11
10,2020,9,"Arrow Lakes",0,0
10,2021,5,"Arrow Lakes",6,1
10,2021,6,"Arrow Lakes",1105,3
10,2021,7,"Arrow Lakes",71830,40
10,2021,8,"Arrow Lakes",295,8
10,2021,9,"Arrow Lakes",0,0
10,2022,5,"Arrow Lakes",0,0
10,2022,6,"Arrow Lakes",69,1
10,2022,7,"Arrow Lakes",2192,10
10,2022,8,"Arrow Lakes",3796,29
10,2022,9,"Arrow Lakes",755,7
10,2023,5,"Arrow Lakes",28,3
10,2023,6,"Arrow Lakes",0,0
10,2023,7,"Arrow Lakes",8157,21
10,2023,8,"Arrow Lakes",1458,16
10,2023,9,"Arrow Lakes",0,0
10,2024,5,"Arrow Lakes",0,0
10,2024,6,"Arrow Lakes",4,1
10,2024,7,"Arrow Lakes",37800,46
10,2024,8,"Arrow Lakes",230,12
10,2024,9,"Arrow Lakes",3,2
19,2017,5,"Revelstoke",0,0
19,2017,6,"Revelstoke",2818,3
19,2017,7,"Revelstoke",3370,21
19,2017,8,"Revelstoke",270,7
19,2017,9,"Revelstoke",1,1
19,2018,5,"Revelstoke",6,2
19,2018,6,"Revelstoke",34,2
19,2018,7,"Revelstoke",6295,39
19,2018,8,"Revelstoke",17508,57
19,2018,9,"Revelstoke",0,0
19,2019,5,"Revelstoke",0,0
19,2019,6,"Revelstoke",0,0
19,2019,7,"Revelstoke",0,0
19,2019,8,"Revelstoke",0,0
19,2019,9,"Revelstoke",5,1
19,2020,5,"Revelstoke",0,0
19,2020,6,"Revelstoke",0,0
19,2020,7,"Revelstoke",0,0
19,2020,8,"Revelstoke",143,10
19,2020,9,"Revelstoke",0,0
19,2021,5,"Revelstoke",0,0
19,2021,6,"Revelstoke",4,1
19,2021,7,"Revelstoke",45769,64
19,2021,8,"Revelstoke",392,10
19,2021,9,"Revelstoke",0,0
19,2022,5,"Revelstoke",0,0
19,2022,6,"Revelstoke",69,1
19,2022,7,"Revelstoke",281,5
19,2022,8,"Revelstoke",1796,29
19,2022,9,"Revelstoke",447,6
19,2023,5,"Revelstoke",2792,8
19,2023,6,"Revelstoke",0,0
19,2023,7,"Revelstoke",8041,29
19,2023,8,"Revelstoke",534,10
19,2023,9,"Revelstoke",3,1
19,2024,5,"Revelstoke",0,0
19,2024,6,"Revelstoke",493,2
19,2024,7,"Revelstoke",11035,55
19,2024,8,"Revelstoke",362,13
19,2024,9,"Revelstoke",0,0
20,2017,5,"Kootenay-Columbia",2,1
20,2017,6,"Kootenay-Columbia",36,3
20,2017,7,"Kootenay-Columbia",2359,5
20,2017,8,"Kootenay-Columbia",2638,6
20,2017,9,"Kootenay-Columbia",0,0
20,2018,5,"Kootenay-Columbia",1,1
20,2018,6,"Kootenay-Columbia",0,0
20,2018,7,"Kootenay-Columbia",9077,10
20,2018,8,"Kootenay-Columbia",11881,21
20,2018,9,"Kootenay-Columbia",4,2
20,2019,5,"Kootenay-Columbia",0,0
20,2019,6,"Kootenay-Columbia",0,0
20,2019,7,"Kootenay-Columbia",0,0
20,2019,8,"Kootenay-Columbia",1,1
20,2019,9,"Kootenay-Columbia",0,0
20,2020,5,"Kootenay-Columbia",0,0
20,2020,6,"Kootenay-Columbia",0,0
20,2020,7,"Kootenay-Columbia",0,0
20,2020,8,"Kootenay-Columbia",1247,4
20,2020,9,"Kootenay-Columbia",0,0
20,2021,5,"Kootenay-Columbia",7,2
20,2021,6,"Kootenay-Columbia",1060,2
20,2021,7,"Kootenay-Columbia",58186,16
20,2021,8,"Kootenay-Columbia",237,3
20,2021,9,"Kootenay-Columbia",0,0
20,2022,5,"Kootenay-Columbia",0,0
20,2022,6,"Kootenay-Columbia",0,0
20,2022,7,"Kootenay-Columbia",5,4
20,2022,8,"Kootenay-Columbia",2140,12
20,2022,9,"Kootenay-Columbia",39,1
20,2023,5,"Kootenay-Columbia",7,2
20,2023,6,"Kootenay-Columbia",0,0
20,2023,7,"Kootenay-Columbia",8,1
20,2023,8,"Kootenay-Columbia",162,7
20,2023,9,"Kootenay-Columbia",0,0
20,2024,5,"Kootenay-Columbia",0,0
20,2024,6,"Kootenay-Columbia",0,0
20,2024,7,"Kootenay-Columbia",12376,12
20,2024,8,"Kootenay-Columbia",17,7
20,2024,9,"Kootenay-Columbia",3,2
22,2017,5,"Vernon",6,2
22,2017,6,"Vernon",38,4
22,2017,7,"Vernon",789,9
22,2017,8,"Vernon",2759,9
22,2017,9,"Vernon",37,1
22,2018,5,"Vernon",9,2
22,2018,6,"Vernon",0,0
22,2018,7,"Vernon",8071,40
22,2018,8,"Vernon",12185,41
22,2018,9,"Vernon",0,0
22,2019,5,"Vernon",22,1
22,2019,6,"Vernon",18,4
22,2019,7,"Vernon",0,0
22,2019,8,"Vernon",0,0
22,2019,9,"Vernon",5,1
22,2020,5,"Vernon",2,1
22,2020,6,"Vernon",0,0
22,2020,7,"Vernon",0,0
22,2020,8,"Vernon",1396,12
22,2020,9,"Vernon",27,1
22,2021,5,"Vernon",1,1
22,2021,6,"Vernon",1109,4
22,2021,7,"Vernon",151442,45
22,2021,8,"Vernon",1236,12
22,2021,9,"Vernon",9,2
22,2022,5,"Vernon",0,1
22,2022,6,"Vernon",0,0
22,2022,7,"Vernon",287,10
22,2022,8,"Vernon",1872,21
22,2022,9,"Vernon",429,4
22,2023,5,"Vernon",16,2
22,2023,6,"Vernon",41,2
22,2023,7,"Vernon",60665,20
22,2023,8,"Vernon",23,10
22,2023,9,"Vernon",611,1
22,2024,5,"Vernon",14,1
22,2024,6,"Vernon",0,0
22,2024,7,"Vernon",4497,30
22,2024,8,"Vernon",1046,12
22,2024,9,"Vernon",1,1
23,2017,5,"Central Okanagan",6,2
23,2017,6,"Central Okanagan",2,1
23,2017,7,"Central Okanagan",3411,8
23,2017,8,"Central Okanagan",2647,5
23,2017,9,"Central Okanagan",2188,3
23,2018,5,"Central Okanagan",6,1
23,2018,6,"Central Okanagan",0,0
23,2018,7,"Central Okanagan",5247,22
23,2018,8,"Central Okanagan",828,13
23,2018,9,"Central Okanagan",0,0
23,2019,5,"Central Okanagan",25,2
23,2019,6,"Central Okanagan",18,4
23,2019,7,"Central Okanagan",0,0
23,2019,8,"Central Okanagan",0,0
23,2019,9,"Central Okanagan",21,5
23,2020,5,"Central Okanagan",2,1
23,2020,6,"Central Okanagan",18,1
23,2020,7,"Central Okanagan",0,0
23,2020,8,"Central Okanagan",2140,9
23,2020,9,"Central Okanagan",27,1
23,2021,5,"Central Okanagan",0,0
23,2021,6,"Central Okanagan",1158,7
23,2021,7,"Central Okanagan",93569,18
23,2021,8,"Central Okanagan",1372,6
23,2021,9,"Central Okanagan",167,2
23,2022,5,"Central Okanagan",0,1
23,2022,6,"Central Okanagan",0,0
23,2022,7,"Central Okanagan",6451,8
23,2022,8,"Central Okanagan",8,3
23,2022,9,"Central Okanagan",60,2
23,2023,5,"Central Okanagan",5,1
23,2023,6,"Central Okanagan",41,2
23,2023,7,"Central Okanagan",22366,15
23,2023,8,"Central Okanagan",1362,5
23,2023,9,"Central Okanagan",611,1
23,2024,5,"Central Okanagan",14,1
23,2024,6,"Central Okanagan",1,1
23,2024,7,"Central Okanagan",1272,7
23,2024,8,"Central Okanagan",878,9
23,2024,9,"Central Okanagan",0,0
27,2017,5,"Cariboo-Chilcotin",10,2
27,2017,6,"Cariboo-Chilcotin",40,4
27,2017,7,"Cariboo-Chilcotin",920803,56
27,2017,8,"Cariboo-Chilcotin",783,7
27,2017,9,"Cariboo-Chilcotin",89,2
27,2018,5,"Cariboo-Chilcotin",3582,4
27,2018,6,"Cariboo-Chilcotin",2407,7
27,2018,7,"Cariboo-Chilcotin",126632,52
27,2018,8,"Cariboo-Chilcotin",171568,46
27,2018,9,"Cariboo-Chilcotin",2,1
27,2019,5,"Cariboo-Chilcotin",101,6
27,2019,6,"Cariboo-Chilcotin",74,4
27,2019,7,"Cariboo-Chilcotin",37,2
27,2019,8,"Cariboo-Chilcotin",2,2
27,2019,9,"Cariboo-Chilcotin",1,1
27,2020,5,"Cariboo-Chilcotin",0,0
27,2020,6,"Cariboo-Chilcotin",0,0
27,2020,7,"Cariboo-Chilcotin",3,1
27,2020,8,"Cariboo-Chilcotin",404,3
27,2020,9,"Cariboo-Chilcotin",18,1
27,2021,5,"Cariboo-Chilcotin",251,3
27,2021,6,"Cariboo-Chilcotin",146115,27
27,2021,7,"Cariboo-Chilcotin",115053,45
27,2021,8,"Cariboo-Chilcotin",383,14
27,2021,9,"Cariboo-Chilcotin",0,0
27,2022,5,"Cariboo-Chilcotin",106,4
27,2022,6,"Cariboo-Chilcotin",232,2
27,2022,7,"Cariboo-Chilcotin",1256,7
27,2022,8,"Cariboo-Chilcotin",4897,28
27,2022,9,"Cariboo-Chilcotin",210,7
27,2023,5,"Cariboo-Chilcotin",4369,15
27,2023,6,"Cariboo-Chilcotin",428,7
27,2023,7,"Cariboo-Chilcotin",179574,71
27,2023,8,"Cariboo-Chilcotin",18501,16
27,2023,9,"Cariboo-Chilcotin",216,4
27,2024,5,"Cariboo-Chilcotin",342,5
27,2024,6,"Cariboo-Chilcotin",14,2
27,2024,7,"Cariboo-Chilcotin",66790,66
27,2024,8,"Cariboo-Chilcotin",1386,15
27,2024,9,"Cariboo-Chilcotin",0,0
28,2017,5,"Quesnel",161,3
28,2017,6,"Quesnel",1,2
28,2017,7,"Quesnel",700744,53
28,2017,8,"Quesnel",588,5
28,2017,9,"Quesnel",0,0
28,2018,5,"Quesnel",0,0
28,2018,6,"Quesnel",2340,8
28,2018,7,"Quesnel",161359,32
28,2018,8,"Quesnel",47620,20
28,2018,9,"Quesnel",26,3
28,2019,5,"Quesnel",85,3
28,2019,6,"Quesnel",9,2
28,2019,7,"Quesnel",0,0
28,2019,8,"Quesnel",1,1
28,2019,9,"Quesnel",0,0
28,2020,5,"Quesnel",7,1
28,2020,6,"Quesnel",0,0
28,2020,7,"Quesnel",0,0
28,2020,8,"Quesnel",0,0
28,2020,9,"Quesnel",0,0
28,2021,5,"Quesnel",238,1
28,2021,6,"Quesnel",30533,6
28,2021,7,"Quesnel",36054,30
28,2021,8,"Quesnel",325,12
28,2021,9,"Quesnel",0,0
28,2022,5,"Quesnel",10,2
28,2022,6,"Quesnel",2,1
28,2022,7,"Quesnel",0,0
28,2022,8,"Quesnel",35,8
28,2022,9,"Quesnel",2,2
28,2023,5,"Quesnel",2368,12
28,2023,6,"Quesnel",29,2
28,2023,7,"Quesnel",163353,68
28,2023,8,"Quesnel",1126,4
28,2023,9,"Quesnel",27,3
28,2024,5,"Quesnel",374,5
28,2024,6,"Quesnel",0,1
28,2024,7,"Quesnel",50238,45
28,2024,8,"Quesnel",534,7
28,2024,9,"Quesnel",0,0
33,2017,5,"Chilliwack",0,0
33,2017,6,"Chilliwack",0,0
33,2017,7,"Chilliwack",184,3
33,2017,8,"Chilliwack",0,0
33,2017,9,"Chilliwack",1,1
33,2018,5,"Chilliwack",0,0
33,2018,6,"Chilliwack",19,2
33,2018,7,"Chilliwack",2,1
33,2018,8,"Chilliwack",6186,3
33,2018,9,"Chilliwack",0,0
33,2019,5,"Chilliwack",0,0
33,2019,6,"Chilliwack",0,0
33,2019,7,"Chilliwack",0,0
33,2019,8,"Chilliwack",0,0
33,2019,9,"Chilliwack",5,1
33,2020,5,"Chilliwack",0,0
33,2020,6,"Chilliwack",0,0
33,2020,7,"Chilliwack",1,1
33,2020,8,"Chilliwack",15,1
33,2020,9,"Chilliwack",2,1
33,2021,5,"Chilliwack",18,1
33,2021,6,"Chilliwack",38,1
33,2021,7,"Chilliwack",14867,5
33,2021,8,"Chilliwack",0,0
33,2021,9,"Chilliwack",0,0
33,2022,5,"Chilliwack",0,0
33,2022,6,"Chilliwack",0,0
33,2022,7,"Chilliwack",0,0
33,2022,8,"Chilliwack",5922,8
33,2022,9,"Chilliwack",1044,4
33,2023,5,"Chilliwack",20,2
33,2023,6,"Chilliwack",843,2
33,2023,7,"Chilliwack",434,3
33,2023,8,"Chilliwack",1032,3
33,2023,9,"Chilliwack",0,0
33,2024,5,"Chilliwack",10,1
33,2024,6,"Chilliwack",0,0
33,2024,7,"Chilliwack",4546,3
33,2024,8,"Chilliwack",0,0
33,2024,9,"Chilliwack",0,0
34,2017,5,"Abbotsford",0,0
34,2017,6,"Abbotsford",0,0
34,2017,7,"Abbotsford",94,2
34,2017,8,"Abbotsford",0,0
34,2017,9,"Abbotsford",0,0
34,2018,5,"Abbotsford",0,0
34,2018,6,"Abbotsford",1,1
34,2018,7,"Abbotsford",14,2
34,2018,8,"Abbotsford",425,1
34,2018,9,"Abbotsford",0,0
34,2019,5,"Abbotsford",0,0
34,2019,6,"Abbotsford",0,0
34,2019,7,"Abbotsford",0,0
34,2019,8,"Abbotsford",0,0
34,2019,9,"Abbotsford",5,1
34,2020,5,"Abbotsford",0,0
34,2020,6,"Abbotsford",0,0
34,2020,7,"Abbotsford",0,0
34,2020,8,"Abbotsford",15,1
34,2020,9,"Abbotsford",2,1
34,2021,5,"Abbotsford",0,0
34,2021,6,"Abbotsford",0,0
34,2021,7,"Abbotsford",223,1
34,2021,8,"Abbotsford",0,0
34,2021,9,"Abbotsford",0,0
34,2022,5,"Abbotsford",0,0
34,2022,6,"Abbotsford",0,0
34,2022,7,"Abbotsford",0,0
34,2022,8,"Abbotsford",6,1
34,2022,9,"Abbotsford",580,2
34,2023,5,"Abbotsford",20,2
34,2023,6,"Abbotsford",843,2
34,2023,7,"Abbotsford",434,3
34,2023,8,"Abbotsford",50,2
34,2023,9,"Abbotsford",0,0
34,2024,5,"Abbotsford",10,1
34,2024,6,"Abbotsford",0,0
34,2024,7,"Abbotsford",1,2
34,2024,8,"Abbotsford",0,0
34,2024,9,"Abbotsford",0,0
35,2017,5,"Langley",0,0
35,2017,6,"Langley",0,0
35,2017,7,"Langley",0,1
35,2017,8,"Langley",0,0
35,2017,9,"Langley",0,0
35,2018,5,"Langley",106,1
35,2018,6,"Langley",1,1
35,2018,7,"Langley",14,2
35,2018,8,"Langley",3,1
35,2018,9,"Langley",0,0
35,2019,5,"Langley",0,0
35,2019,6,"Langley",4,1
35,2019,7,"Langley",0,0
35,2019,8,"Langley",0,0
35,2019,9,"Langley",5,1
35,2020,5,"Langley",0,0
35,2020,6,"Langley",0,0
35,2020,7,"Langley",0,0
35,2020,8,"Langley",15,1
35,2020,9,"Langley",2,1
35,2021,5,"Langley",0,0
35,2021,6,"Langley",0,0
35,2021,7,"Langley",0,0
35,2021,8,"Langley",0,0
35,2021,9,"Langley",0,0
35,2022,5,"Langley",0,0
35,2022,6,"Langley",0,0
35,2022,7,"Langley",0,0
35,2022,8,"Langley",6,1
35,2022,9,"Langley",5,1
35,2023,5,"Langley",19,1
35,2023,6,"Langley",843,2
35,2023,7,"Langley",175,1
35,2023,8,"Langley",48,1
35,2023,9,"Langley",0,0
35,2024,5,"Langley",0,0
35,2024,6,"Langley",0,0
35,2024,7,"Langley",0,0
35,2024,8,"Langley",0,0
35,2024,9,"Langley",0,0
36,2017,5,"Surrey",0,0
36,2017,6,"Surrey",0,0
36,2017,7,"Surrey",0,0
36,2017,8,"Surrey",0,0
36,2017,9,"Surrey",0,0
36,2018,5,"Surrey",106,1
36,2018,6,"Surrey",0,0
36,2018,7,"Surrey",13,1
36,2018,8,"Surrey",3,1
36,2018,9,"Surrey",0,0
36,2019,5,"Surrey",0,0
36,2019,6,"Surrey",4,1
36,2019,7,"Surrey",0,0
36,2019,8,"Surrey",0,0
36,2019,9,"Surrey",0,0
36,2020,5,"Surrey",0,0
36,2020,6,"Surrey",0,0
36,2020,7,"Surrey",0,0
36,2020,8,"Surrey",0,0
36,2020,9,"Surrey",2,1
36,2021,5,"Surrey",0,0
36,2021,6,"Surrey",0,0
36,2021,7,"Surrey",0,0
36,2021,8,"Surrey",0,0
36,2021,9,"Surrey",0,0
36,2022,5,"Surrey",0,0
36,2022,6,"Surrey",0,0
36,2022,7,"Surrey",0,0
36,2022,8,"Surrey",6,1
36,2022,9,"Surrey",5,1
36,2023,5,"Surrey",19,1
36,2023,6,"Surrey",102,1
36,2023,7,"Surrey",175,1
36,2023,8,"Surrey",0,0
36,2023,9,"Surrey",0,0
36,2024,5,"Surrey",0,0
36,2024,6,"Surrey",0,0
36,2024,7,"Surrey",0,0
36,2024,8,"Surrey",0,0
36,2024,9,"Surrey",0,0
37,2017,5,"Delta",0,0
37,2017,6,"Delta",0,0
37,2017,7,"Delta",0,0
37,2017,8,"Delta",0,0
37,2017,9,"Delta",0,0
37,2018,5,"Delta",0,0
37,2018,6,"Delta",0,0
37,2018,7,"Delta",13,1
37,2018,8,"Delta",9,2
37,2018,9,"Delta",0,0
37,2019,5,"Delta",0,0
37,2019,6,"Delta",8,2
37,2019,7,"Delta",0,0
37,2019,8,"Delta",0,0
37,2019,9,"Delta",0,0
37,2020,5,"Delta",0,0
37,2020,6,"Delta",0,0
37,2020,7,"Delta",0,0
37,2020,8,"Delta",1,1
37,2020,9,"Delta",0,0
37,2021,5,"Delta",0,0
37,2021,6,"Delta",0,0
37,2021,7,"Delta",0,0
37,2021,8,"Delta",91,2
37,2021,9,"Delta",0,0
37,2022,5,"Delta",0,0
37,2022,6,"Delta",0,0
37,2022,7,"Delta",0,0
37,2022,8,"Delta",0,0
37,2022,9,"Delta",5,1
37,2023,5,"Delta",0,0
37,2023,6,"Delta",0,0
37,2023,7,"Delta",175,1
37,2023,8,"Delta",0,0
37,2023,9,"Delta",0,0
37,2024,5,"Delta",0,0
37,2024,6,"Delta",0,0
37,2024,7,"Delta",7,1
37,2024,8,"Delta",2,1
37,2024,9,"Delta",0,0
38,2017,5,"Richmond",0,0
38,2017,6,"Richmond",0,0
38,2017,7,"Richmond",0,0
38,2017,8,"Richmond",0,0
38,2017,9,"Richmond",0,0
38,2018,5,"Richmond",0,0
38,2018,6,"Richmond",0,0
38,2018,7,"Richmond",13,1
38,2018,8,"Richmond",194,3
38,2018,9,"Richmond",0,0
38,2019,5,"Richmond",0,0
38,2019,6,"Richmond",8,2
38,2019,7,"Richmond",0,0
38,2019,8,"Richmond",0,0
38,2019,9,"Richmond",0,0
38,2020,5,"Richmond",0,0
38,2020,6,"Richmond",0,0
38,2020,7,"Richmond",0,0
38,2020,8,"Richmond",1,1
38,2020,9,"Richmond",0,0
38,2021,5,"Richmond",0,0
38,2021,6,"Richmond",0,0
38,2021,7,"Richmond",0,0
38,2021,8,"Richmond",91,2
38,2021,9,"Richmond",0,0
38,2022,5,"Richmond",0,0
38,2022,6,"Richmond",0,0
38,2022,7,"Richmond",0,0
38,2022,8,"Richmond",0,0
38,2022,9,"Richmond",5,1
38,2023,5,"Richmond",0,0
38,2023,6,"Richmond",0,0
38,2023,7,"Richmond",0,0
38,2023,8,"Richmond",0,0
38,2023,9,"Richmond",0,0
38,2024,5,"Richmond",0,0
38,2024,6,"Richmond",0,0
38,2024,7,"Richmond",7,1
38,2024,8,"Richmond",2,1
38,2024,9,"Richmond",2,1
39,2017,5,"Vancouver",0,0
39,2017,6,"Vancouver",0,0
39,2017,7,"Vancouver",0,0
39,2017,8,"Vancouver",3,1
39,2017,9,"Vancouver",0,0
39,2018,5,"Vancouver",106,1
39,2018,6,"Vancouver",0,0
39,2018,7,"Vancouver",27,2
39,2018,8,"Vancouver",194,3
39,2018,9,"Vancouver",0,0
39,2019,5,"Vancouver",0,0
39,2019,6,"Vancouver",17,3
39,2019,7,"Vancouver",0,0
39,2019,8,"Vancouver",4,1
39,2019,9,"Vancouver",0,0
39,2020,5,"Vancouver",0,0
39,2020,6,"Vancouver",0,0
39,2020,7,"Vancouver",0,0
39,2020,8,"Vancouver",1,1
39,2020,9,"Vancouver",0,0
39,2021,5,"Vancouver",2,1
39,2021,6,"Vancouver",0,0
39,2021,7,"Vancouver",0,0
39,2021,8,"Vancouver",91,2
39,2021,9,"Vancouver",0,0
39,2022,5,"Vancouver",0,0
39,2022,6,"Vancouver",0,0
39,2022,7,"Vancouver",0,0
39,2022,8,"Vancouver",0,0
39,2022,9,"Vancouver",0,0
39,2023,5,"Vancouver",0,0
39,2023,6,"Vancouver",0,0
39,2023,7,"Vancouver",20,1
39,2023,8,"Vancouver",179,1
39,2023,9,"Vancouver",0,0
39,2024,5,"Vancouver",0,0
39,2024,6,"Vancouver",0,0
39,2024,7,"Vancouver",7,1
39,2024,8,"Vancouver",2,1
39,2024,9,"Vancouver",2,1
40,2017,5,"New Westminster",0,0
40,2017,6,"New Westminster",0,0
40,2017,7,"New Westminster",0,0
40,2017,8,"New Westminster",0,0
40,2017,9,"New Westminster",0,0
40,2018,5,"New Westminster",106,1
40,2018,6,"New Westminster",0,0
40,2018,7,"New Westminster",13,1
40,2018,8,"New Westminster",3,1
40,2018,9,"New Westminster",0,0
40,2019,5,"New Westminster",0,0
40,2019,6,"New Westminster",4,1
40,2019,7,"New Westminster",0,0
40,2019,8,"New Westminster",0,0
40,2019,9,"New Westminster",0,0
40,2020,5,"New Westminster",0,0
40,2020,6,"New Westminster",0,0
40,2020,7,"New Westminster",0,0
40,2020,8,"New Westminster",0,0
40,2020,9,"New Westminster",2,1
40,2021,5,"New Westminster",0,0
40,2021,6,"New Westminster",0,0
40,2021,7,"New Westminster",0,0
40,2021,8,"New Westminster",0,0
40,2021,9,"New Westminster",0,0
40,2022,5,"New Westminster",0,0
40,2022,6,"New Westminster",0,0
40,2022,7,"New Westminster",0,0
40,2022,8,"New Westminster",6,1
40,2022,9,"New Westminster",5,1
40,2023,5,"New Westminster",19,1
40,2023,6,"New Westminster",0,0
40,2023,7,"New Westminster",175,1
40,2023,8,"New Westminster",0,0
40,2023,9,"New Westminster",0,0
40,2024,5,"New Westminster",0,0
40,2024,6,"New Westminster",0,0
40,2024,7,"New Westminster",0,0
40,2024,8,"New Westminster",0,0
40,2024,9,"New Westminster",0,0
41,2017,5,"Burnaby",0,0
41,2017,6,"Burnaby",0,0
41,2017,7,"Burnaby",0,0
41,2017,8,"Burnaby",3,1
41,2017,9,"Burnaby",0,0
41,2018,5,"Burnaby",106,1
41,2018,6,"Burnaby",0,0
41,2018,7,"Burnaby",13,1
41,2018,8,"Burnaby",3,1
41,2018,9,"Burnaby",0,0
41,2019,5,"Burnaby",0,0
41,2019,6,"Burnaby",8,2
41,2019,7,"Burnaby",0,0
41,2019,8,"Burnaby",0,0
41,2019,9,"Burnaby",0,0
41,2020,5,"Burnaby",0,0
41,2020,6,"Burnaby",0,0
41,2020,7,"Burnaby",0,0
41,2020,8,"Burnaby",0,0
41,2020,9,"Burnaby",2,1
41,2021,5,"Burnaby",0,0
41,2021,6,"Burnaby",0,0
41,2021,7,"Burnaby",0,0
41,2021,8,"Burnaby",0,0
41,2021,9,"Burnaby",0,0
41,2022,5,"Burnaby",0,0
41,2022,6,"Burnaby",0,0
41,2022,7,"Burnaby",0,0
41,2022,8,"Burnaby",6,1
41,2022,9,"Burnaby",5,1
41,2023,5,"Burnaby",19,1
41,2023,6,"Burnaby",0,0
41,2023,7,"Burnaby",195,2
41,2023,8,"Burnaby",0,0
41,2023,9,"Burnaby",0,0
41,2024,5,"Burnaby",0,0
41,2024,6,"Burnaby",0,0
41,2024,7,"Burnaby",0,0
41,2024,8,"Burnaby",0,0
41,2024,9,"Burnaby",2,1
42,2017,5,"Maple-Ridge Pitt-Meadows",0,0
42,2017,6,"Maple-Ridge Pitt-Meadows",3,1
42,2017,7,"Maple-Ridge Pitt-Meadows",184,3
42,2017,8,"Maple-Ridge Pitt-Meadows",3,1
42,2017,9,"Maple-Ridge Pitt-Meadows",0,0
42,2018,5,"Maple-Ridge Pitt-Meadows",116,3
42,2018,6,"Maple-Ridge Pitt-Meadows",4,3
42,2018,7,"Maple-Ridge Pitt-Meadows",14,2
42,2018,8,"Maple-Ridge Pitt-Meadows",3,1
42,2018,9,"Maple-Ridge Pitt-Meadows",0,0
42,2019,5,"Maple-Ridge Pitt-Meadows",0,0
42,2019,6,"Maple-Ridge Pitt-Meadows",8,2
42,2019,7,"Maple-Ridge Pitt-Meadows",0,0
42,2019,8,"Maple-Ridge Pitt-Meadows",0,0
42,2019,9,"Maple-Ridge Pitt-Meadows",5,1
42,2020,5,"Maple-Ridge Pitt-Meadows",0,0
42,2020,6,"Maple-Ridge Pitt-Meadows",0,0
42,2020,7,"Maple-Ridge Pitt-Meadows",1,1
42,2020,8,"Maple-Ridge Pitt-Meadows",492,6
42,2020,9,"Maple-Ridge Pitt-Meadows",2,1
42,2021,5,"Maple-Ridge Pitt-Meadows",20,2
42,2021,6,"Maple-Ridge Pitt-Meadows",0,0
42,2021,7,"Maple-Ridge Pitt-Meadows",674,2
42,2021,8,"Maple-Ridge Pitt-Meadows",8,1
42,2021,9,"Maple-Ridge Pitt-Meadows",0,0
42,2022,5,"Maple-Ridge Pitt-Meadows",0,0
42,2022,6,"Maple-Ridge Pitt-Meadows",0,0
42,2022,7,"Maple-Ridge Pitt-Meadows",0,0
42,2022,8,"Maple-Ridge Pitt-Meadows",4094,3
42,2022,9,"Maple-Ridge Pitt-Meadows",7,2
42,2023,5,"Maple-Ridge Pitt-Meadows",38,2
42,2023,6,"Maple-Ridge Pitt-Meadows",843,2
42,2023,7,"Maple-Ridge Pitt-Meadows",1251,4
42,2023,8,"Maple-Ridge Pitt-Meadows",229,3
42,2023,9,"Maple-Ridge Pitt-Meadows",1,1
42,2024,5,"Maple-Ridge Pitt-Meadows",10,1
42,2024,6,"Maple-Ridge Pitt-Meadows",0,0
42,2024,7,"Maple-Ridge Pitt-Meadows",3,2
42,2024,8,"Maple-Ridge Pitt-Meadows",717,6
42,2024,9,"Maple-Ridge Pitt-Meadows",2,1
43,2017,5,"Coquitlam",0,0
43,2017,6,"Coquitlam",0,0
43,2017,7,"Coquitlam",0,1
43,2017,8,"Coquitlam",3,1
43,2017,9,"Coquitlam",0,0
43,2018,5,"Coquitlam",106,1
43,2018,6,"Coquitlam",1,1
43,2018,7,"Coquitlam",14,2
43,2018,8,"Coquitlam",3,1
43,2018,9,"Coquitlam",0,0
43,2019,5,"Coquitlam",0,0
43,2019,6,"Coquitlam",8,2
43,2019,7,"Coquitlam",0,0
43,2019,8,"Coquitlam",0,0
43,2019,9,"Coquitlam",5,1
43,2020,5,"Coquitlam",0,0
43,2020,6,"Coquitlam",0,0
43,2020,7,"Coquitlam",1,1
43,2020,8,"Coquitlam",0,0
43,2020,9,"Coquitlam",2,1
43,2021,5,"Coquitlam",0,0
43,2021,6,"Coquitlam",0,0
43,2021,7,"Coquitlam",223,1
43,2021,8,"Coquitlam",8,1
43,2021,9,"Coquitlam",0,0
43,2022,5,"Coquitlam",0,0
43,2022,6,"Coquitlam",0,0
43,2022,7,"Coquitlam",0,0
43,2022,8,"Coquitlam",6,1
43,2022,9,"Coquitlam",5,1
43,2023,5,"Coquitlam",19,1
43,2023,6,"Coquitlam",843,2
43,2023,7,"Coquitlam",195,2
43,2023,8,"Coquitlam",227,2
43,2023,9,"Coquitlam",1,1
43,2024,5,"Coquitlam",0,0
43,2024,6,"Coquitlam",0,0
43,2024,7,"Coquitlam",0,0
43,2024,8,"Coquitlam",6,2
43,2024,9,"Coquitlam",2,1
44,2017,5,"North Vancouver",0,0
44,2017,6,"North Vancouver",0,0
44,2017,7,"North Vancouver",0,0
44,2017,8,"North Vancouver",3,1
44,2017,9,"North Vancouver",0,0
44,2018,5,"North Vancouver",106,1
44,2018,6,"North Vancouver",0,0
44,2018,7,"North Vancouver",13,1
44,2018,8,"North Vancouver",3,1
44,2018,9,"North Vancouver",0,0
44,2019,5,"North Vancouver",0,0
44,2019,6,"North Vancouver",8,2
44,2019,7,"North Vancouver",0,0
44,2019,8,"North Vancouver",0,0
44,2019,9,"North Vancouver",0,0
44,2020,5,"North Vancouver",0,0
44,2020,6,"North Vancouver",0,0
44,2020,7,"North Vancouver",0,0
44,2020,8,"North Vancouver",0,0
44,2020,9,"North Vancouver",2,1
44,2021,5,"North Vancouver",0,0
44,2021,6,"North Vancouver",0,0
44,2021,7,"North Vancouver",0,0
44,2021,8,"North Vancouver",8,1
44,2021,9,"North Vancouver",0,0
44,2022,5,"North Vancouver",0,0
44,2022,6,"North Vancouver",0,0
44,2022,7,"North Vancouver",0,0
44,2022,8,"North Vancouver",6,1
44,2022,9,"North Vancouver",5,1
44,2023,5,"North Vancouver",19,1
44,2023,6,"North Vancouver",0,0
44,2023,7,"North Vancouver",195,2
44,2023,8,"North Vancouver",179,1
44,2023,9,"North Vancouver",0,0
44,2024,5,"North Vancouver",0,0
44,2024,6,"North Vancouver",0,0
44,2024,7,"North Vancouver",0,0
44,2024,8,"North Vancouver",2,1
44,2024,9,"North Vancouver",2,1
45,2017,5,"West Vancouver",0,0
45,2017,6,"West Vancouver",0,0
45,2017,7,"West Vancouver",0,0
45,2017,8,"West Vancouver",3,1
45,2017,9,"West Vancouver",0,0
45,2018,5,"West Vancouver",106,1
45,2018,6,"West Vancouver",0,0
45,2018,7,"West Vancouver",13,1
45,2018,8,"West Vancouver",3,1
45,2018,9,"West Vancouver",0,0
45,2019,5,"West Vancouver",0,0
45,2019,6,"West Vancouver",17,3
45,2019,7,"West Vancouver",0,0
45,2019,8,"West Vancouver",4,1
45,2019,9,"West Vancouver",0,0
45,2020,5,"West Vancouver",0,0
45,2020,6,"West Vancouver",0,0
45,2020,7,"West Vancouver",0,0
45,2020,8,"West Vancouver",0,0
45,2020,9,"West Vancouver",0,0
45,2021,5,"West Vancouver",2,1
45,2021,6,"West Vancouver",0,0
45,2021,7,"West Vancouver",0,0
45,2021,8,"West Vancouver",61,1
45,2021,9,"West Vancouver",0,0
45,2022,5,"West Vancouver",0,0
45,2022,6,"West Vancouver",0,0
45,2022,7,"West Vancouver",0,0
45,2022,8,"West Vancouver",0,0
45,2022,9,"West Vancouver",0,0
45,2023,5,"West Vancouver",0,0
45,2023,6,"West Vancouver",0,0
45,2023,7,"West Vancouver",20,1
45,2023,8,"West Vancouver",179,1
45,2023,9,"West Vancouver",0,0
45,2024,5,"West Vancouver",0,0
45,2024,6,"West Vancouver",0,0
45,2024,7,"West Vancouver",7,1
45,2024,8,"West Vancouver",2,1
45,2024,9,"West Vancouver",2,1
46,2017,5,"Sunshine Coast",1,1
46,2017,6,"Sunshine Coast",15,1
46,2017,7,"Sunshine Coast",0,1
46,2017,8,"Sunshine Coast",4,2
46,2017,9,"Sunshine Coast",0,0
46,2018,5,"Sunshine Coast",106,1
46,2018,6,"Sunshine Coast",1,1
46,2018,7,"Sunshine Coast",27,2
46,2018,8,"Sunshine Coast",916,6
46,2018,9,"Sunshine Coast",0,0
46,2019,5,"Sunshine Coast",0,0
46,2019,6,"Sunshine Coast",21,4
46,2019,7,"Sunshine Coast",0,0
46,2019,8,"Sunshine Coast",4,1
46,2019,9,"Sunshine Coast",0,0
46,2020,5,"Sunshine Coast",0,0
46,2020,6,"Sunshine Coast",0,0
46,2020,7,"Sunshine Coast",17,1
46,2020,8,"Sunshine Coast",59,3
46,2020,9,"Sunshine Coast",0,0
46,2021,5,"Sunshine Coast",2,1
46,2021,6,"Sunshine Coast",7,1
46,2021,7,"Sunshine Coast",0,0
46,2021,8,"Sunshine Coast",100,3
46,2021,9,"Sunshine Coast",0,0
46,2022,5,"Sunshine Coast",0,0
46,2022,6,"Sunshine Coast",0,0
46,2022,7,"Sunshine Coast",2,1
46,2022,8,"Sunshine Coast",0,0
46,2022,9,"Sunshine Coast",37,4
46,2023,5,"Sunshine Coast",20,2
46,2023,6,"Sunshine Coast",200,1
46,2023,7,"Sunshine Coast",1482,2
46,2023,8,"Sunshine Coast",656,7
46,2023,9,"Sunshine Coast",45,1
46,2024,5,"Sunshine Coast",0,0
46,2024,6,"Sunshine Coast",0,0
46,2024,7,"Sunshine Coast",7,1
46,2024,8,"Sunshine Coast",606,5
46,2024,9,"Sunshine Coast",4,3
47,2017,5,"Powell RIver",1,1
47,2017,6,"Powell RIver",16,2
47,2017,7,"Powell RIver",0,1
47,2017,8,"Powell RIver",2,2
47,2017,9,"Powell RIver",0,0
47,2018,5,"Powell RIver",42,2
47,2018,6,"Powell RIver",1,1
47,2018,7,"Powell RIver",15,2
47,2018,8,"Powell RIver",5083,12
47,2018,9,"Powell RIver",0,0
47,2019,5,"Powell RIver",3,1
47,2019,6,"Powell RIver",34,4
47,2019,7,"Powell RIver",0,0
47,2019,8,"Powell RIver",7,2
47,2019,9,"Powell RIver",1,1
47,2020,5,"Powell RIver",0,0
47,2020,6,"Powell RIver",0,0
47,2020,7,"Powell RIver",20,2
47,2020,8,"Powell RIver",415,4
47,2020,9,"Powell RIver",18,1
47,2021,5,"Powell RIver",2,1
47,2021,6,"Powell RIver",9,2
47,2021,7,"Powell RIver",0,0
47,2021,8,"Powell RIver",74,2
47,2021,9,"Powell RIver",0,0
47,2022,5,"Powell RIver",0,0
47,2022,6,"Powell RIver",230,1
47,2022,7,"Powell RIver",92,2
47,2022,8,"Powell RIver",6,1
47,2022,9,"Powell RIver",35,3
47,2023,5,"Powell RIver",1,1
47,2023,6,"Powell RIver",365,3
47,2023,7,"Powell RIver",1824,3
47,2023,8,"Powell RIver",658,8
47,2023,9,"Powell RIver",45,1
47,2024,5,"Powell RIver",0,0
47,2024,6,"Powell RIver",0,1
47,2024,7,"Powell RIver",7,1
47,2024,8,"Powell RIver",551,5
47,2024,9,"Powell RIver",4,3
48,2017,5,"Sea to Sky",31,1
48,2017,6,"Sea to Sky",3,1
48,2017,7,"Sea to Sky",1,1
48,2017,8,"Sea to Sky",14,2
48,2017,9,"Sea to Sky",0,0
48,2018,5,"Sea to Sky",1403,5
48,2018,6,"Sea to Sky",5,3
48,2018,7,"Sea to Sky",13,1
48,2018,8,"Sea to Sky",2299,8
48,2018,9,"Sea to Sky",0,0
48,2019,5,"Sea to Sky",0,0
48,2019,6,"Sea to Sky",21,4
48,2019,7,"Sea to Sky",0,0
48,2019,8,"Sea to Sky",13,3
48,2019,9,"Sea to Sky",1,1
48,2020,5,"Sea to Sky",0,0
48,2020,6,"Sea to Sky",0,0
48,2020,7,"Sea to Sky",0,0
48,2020,8,"Sea to Sky",890,8
48,2020,9,"Sea to Sky",20,2
48,2021,5,"Sea to Sky",4,2
48,2021,6,"Sea to Sky",119589,4
48,2021,7,"Sea to Sky",0,0
48,2021,8,"Sea to Sky",8,1
48,2021,9,"Sea to Sky",0,0
48,2022,5,"Sea to Sky",0,0
48,2022,6,"Sea to Sky",0,0
48,2022,7,"Sea to Sky",4387,2
48,2022,8,"Sea to Sky",10069,10
48,2022,9,"Sea to Sky",43,6
48,2023,5,"Sea to Sky",18,1
48,2023,6,"Sea to Sky",164,1
48,2023,7,"Sea to Sky",32269,14
48,2023,8,"Sea to Sky",3213,12
48,2023,9,"Sea to Sky",247,4
48,2024,5,"Sea to Sky",146,2
48,2024,6,"Sea to Sky",143,1
48,2024,7,"Sea to Sky",9,3
48,2024,8,"Sea to Sky",1887,11
48,2024,9,"Sea to Sky",2,1
49,2017,5,"Central Coast",0,0
49,2017,6,"Central Coast",0,0
49,2017,7,"Central Coast",31375,4
49,2017,8,"Central Coast",0,0
49,2017,9,"Central Coast",0,0
49,2018,5,"Central Coast",0,0
49,2018,6,"Central Coast",91,1
49,2018,7,"Central Coast",99143,6
49,2018,8,"Central Coast",130431,6
49,2018,9,"Central Coast",0,0
49,2019,5,"Central Coast",11,2
49,2019,6,"Central Coast",0,0
49,2019,7,"Central Coast",40,3
49,2019,8,"Central Coast",0,0
49,2019,9,"Central Coast",0,0
49,2020,5,"Central Coast",0,0
49,2020,6,"Central Coast",0,0
49,2020,7,"Central Coast",0,0
49,2020,8,"Central Coast",0,0
49,2020,9,"Central Coast",0,0
49,2021,5,"Central Coast",12,1
49,2021,6,"Central Coast",0,0
49,2021,7,"Central Coast",9689,5
49,2021,8,"Central Coast",8,1
49,2021,9,"Central Coast",0,0
49,2022,5,"Central Coast",0,0
49,2022,6,"Central Coast",0,0
49,2022,7,"Central Coast",0,0
49,2022,8,"Central Coast",461,8
49,2022,9,"Central Coast",4,1
49,2023,5,"Central Coast",147,2
49,2023,6,"Central Coast",10,3
49,2023,7,"Central Coast",70870,26
49,2023,8,"Central Coast",16379,8
49,2023,9,"Central Coast",0,0
49,2024,5,"Central Coast",66,3
49,2024,6,"Central Coast",5,1
49,2024,7,"Central Coast",81956,2
49,2024,8,"Central Coast",841,3
49,2024,9,"Central Coast",0,0
50,2017,5,"Haida Gwaii",0,0
50,2017,6,"Haida Gwaii",0,0
50,2017,7,"Haida Gwaii",0,0
50,2017,8,"Haida Gwaii",0,0
50,2017,9,"Haida Gwaii",0,0
50,2018,5,"Haida Gwaii",0,0
50,2018,6,"Haida Gwaii",0,0
50,2018,7,"Haida Gwaii",0,0
50,2018,8,"Haida Gwaii",0,0
50,2018,9,"Haida Gwaii",0,0
50,2019,5,"Haida Gwaii",0,0
50,2019,6,"Haida Gwaii",0,0
50,2019,7,"Haida Gwaii",0,0
50,2019,8,"Haida Gwaii",0,0
50,2019,9,"Haida Gwaii",0,0
50,2020,5,"Haida Gwaii",0,0
50,2020,6,"Haida Gwaii",0,0
50,2020,7,"Haida Gwaii",0,0
50,2020,8,"Haida Gwaii",0,0
50,2020,9,"Haida Gwaii",0,0
50,2021,5,"Haida Gwaii",0,0
50,2021,6,"Haida Gwaii",0,0
50,2021,7,"Haida Gwaii",2,1
50,2021,8,"Haida Gwaii",0,0
50,2021,9,"Haida Gwaii",0,0
50,2022,5,"Haida Gwaii",0,0
50,2022,6,"Haida Gwaii",0,0
50,2022,7,"Haida Gwaii",0,0
50,2022,8,"Haida Gwaii",0,0
50,2022,9,"Haida Gwaii",0,0
50,2023,5,"Haida Gwaii",0,0
50,2023,6,"Haida Gwaii",0,0
50,2023,7,"Haida Gwaii",0,0
50,2023,8,"Haida Gwaii",0,0
50,2023,9,"Haida Gwaii",0,0
50,2024,5,"Haida Gwaii",0,0
50,2024,6,"Haida Gwaii",0,0
50,2024,7,"Haida Gwaii",0,0
50,2024,8,"Haida Gwaii",0,0
50,2024,9,"Haida Gwaii",0,0
51,2017,5,"Boundary",1,1
51,2017,6,"Boundary",183,5
51,2017,7,"Boundary",183,7
51,2017,8,"Boundary",3076,9
51,2017,9,"Boundary",2189,4
51,2018,5,"Boundary",11,3
51,2018,6,"Boundary",13,2
51,2018,7,"Boundary",21571,22
51,2018,8,"Boundary",13124,27
51,2018,9,"Boundary",4,2
51,2019,5,"Boundary",870,2
51,2019,6,"Boundary",11,1
51,2019,7,"Boundary",0,0
51,2019,8,"Boundary",2451,2
51,2019,9,"Boundary",2,1
51,2020,5,"Boundary",0,0
51,2020,6,"Boundary",18,1
51,2020,7,"Boundary",0,0
51,2020,8,"Boundary",3338,10
51,2020,9,"Boundary",27,1
51,2021,5,"Boundary",8,3
51,2021,6,"Boundary",1175,7
51,2021,7,"Boundary",128648,19
51,2021,8,"Boundary",1410,7
51,2021,9,"Boundary",167,2
51,2022,5,"Boundary",0,0
51,2022,6,"Boundary",0,0
51,2022,7,"Boundary",6437,7
51,2022,8,"Boundary",422,7
51,2022,9,"Boundary",99,3
51,2023,5,"Boundary",7,2
51,2023,6,"Boundary",34,1
51,2023,7,"Boundary",55975,8
51,2023,8,"Boundary",1471,7
51,2023,9,"Boundary",616,2
51,2024,5,"Boundary",0,0
51,2024,6,"Boundary",1,1
51,2024,7,"Boundary",3872,10
51,2024,8,"Boundary",65,10
51,2024,9,"Boundary",2,2
52,2017,5,"Prince Rupert",0,0
52,2017,6,"Prince Rupert",0,0
52,2017,7,"Prince Rupert",0,0
52,2017,8,"Prince Rupert",0,0
52,2017,9,"Prince Rupert",0,0
52,2018,5,"Prince Rupert",0,0
52,2018,6,"Prince Rupert",0,0
52,2018,7,"Prince Rupert",0,0
52,2018,8,"Prince Rupert",0,0
52,2018,9,"Prince Rupert",0,0
52,2019,5,"Prince Rupert",0,0
52,2019,6,"Prince Rupert",1,1
52,2019,7,"Prince Rupert",0,0
52,2019,8,"Prince Rupert",0,0
52,2019,9,"Prince Rupert",0,0
52,2020,5,"Prince Rupert",40,1
52,2020,6,"Prince Rupert",0,0
52,2020,7,"Prince Rupert",0,0
52,2020,8,"Prince Rupert",0,0
52,2020,9,"Prince Rupert",0,0
52,2021,5,"Prince Rupert",4,1
52,2021,6,"Prince Rupert",0,0
52,2021,7,"Prince Rupert",0,0
52,2021,8,"Prince Rupert",0,0
52,2021,9,"Prince Rupert",0,0
52,2022,5,"Prince Rupert",0,0
52,2022,6,"Prince Rupert",0,0
52,2022,7,"Prince Rupert",0,0
52,2022,8,"Prince Rupert",54,1
52,2022,9,"Prince Rupert",0,0
52,2023,5,"Prince Rupert",0,0
52,2023,6,"Prince Rupert",0,0
52,2023,7,"Prince Rupert",506,4
52,2023,8,"Prince Rupert",0,0
52,2023,9,"Prince Rupert",0,0
52,2024,5,"Prince Rupert",0,0
52,2024,6,"Prince Rupert",0,0
52,2024,7,"Prince Rupert",123,2
52,2024,8,"Prince Rupert",0,0
52,2024,9,"Prince Rupert",0,0
53,2017,5,"Okanagan-Similkameen",0,0
53,2017,6,"Okanagan-Similkameen",145,1
53,2017,7,"Okanagan-Similkameen",13868,5
53,2017,8,"Okanagan-Similkameen",2171,4
53,2017,9,"Okanagan-Similkameen",2189,4
53,2018,5,"Okanagan-Similkameen",9,2
53,2018,6,"Okanagan-Similkameen",13,2
53,2018,7,"Okanagan-Similkameen",36645,17
53,2018,8,"Okanagan-Similkameen",7307,12
53,2018,9,"Okanagan-Similkameen",2,1
53,2019,5,"Okanagan-Similkameen",870,2
53,2019,6,"Okanagan-Similkameen",11,1
53,2019,7,"Okanagan-Similkameen",0,0
53,2019,8,"Okanagan-Similkameen",2450,1
53,2019,9,"Okanagan-Similkameen",17,4
53,2020,5,"Okanagan-Similkameen",0,0
53,2020,6,"Okanagan-Similkameen",18,1
53,2020,7,"Okanagan-Similkameen",7,1
53,2020,8,"Okanagan-Similkameen",2135,7
53,2020,9,"Okanagan-Similkameen",0,0
53,2021,5,"Okanagan-Similkameen",5,3
53,2021,6,"Okanagan-Similkameen",49,3
53,2021,7,"Okanagan-Similkameen",25792,10
53,2021,8,"Okanagan-Similkameen",1173,4
53,2021,9,"Okanagan-Similkameen",167,2
53,2022,5,"Okanagan-Similkameen",0,0
53,2022,6,"Okanagan-Similkameen",0,0
53,2022,7,"Okanagan-Similkameen",6433,3
53,2022,8,"Okanagan-Similkameen",5787,7
53,2022,9,"Okanagan-Similkameen",563,5
53,2023,5,"Okanagan-Similkameen",3,1
53,2023,6,"Okanagan-Similkameen",34,1
53,2023,7,"Okanagan-Similkameen",55999,12
53,2023,8,"Okanagan-Similkameen",1372,3
53,2023,9,"Okanagan-Similkameen",616,2
53,2024,5,"Okanagan-Similkameen",0,0
53,2024,6,"Okanagan-Similkameen",1,1
53,2024,7,"Okanagan-Similkameen",4804,9
53,2024,8,"Okanagan-Similkameen",50,4
53,2024,9,"Okanagan-Similkameen",1,1
54,2017,5,"Bulkley Valley",3,1
54,2017,6,"Bulkley Valley",59,1
54,2017,7,"Bulkley Valley",7,1
54,2017,8,"Bulkley Valley",0,0
54,2017,9,"Bulkley Valley",0,0
54,2018,5,"Bulkley Valley",3,1
54,2018,6,"Bulkley Valley",96,1
54,2018,7,"Bulkley Valley",123741,7
54,2018,8,"Bulkley Valley",4196,5
54,2018,9,"Bulkley Valley",0,0
54,2019,5,"Bulkley Valley",2,1
54,2019,6,"Bulkley Valley",2,1
54,2019,7,"Bulkley Valley",0,0
54,2019,8,"Bulkley Valley",0,0
54,2019,9,"Bulkley Valley",0,0
54,2020,5,"Bulkley Valley",40,1
54,2020,6,"Bulkley Valley",0,0
54,2020,7,"Bulkley Valley",0,0
54,2020,8,"Bulkley Valley",6,1
54,2020,9,"Bulkley Valley",0,0
54,2021,5,"Bulkley Valley",0,0
54,2021,6,"Bulkley Valley",0,0
54,2021,7,"Bulkley Valley",267,2
54,2021,8,"Bulkley Valley",0,0
54,2021,9,"Bulkley Valley",0,0
54,2022,5,"Bulkley Valley",2,1
54,2022,6,"Bulkley Valley",0,0
54,2022,7,"Bulkley Valley",8,1
54,2022,8,"Bulkley Valley",337,3
54,2022,9,"Bulkley Valley",0,0
54,2023,5,"Bulkley Valley",114,5
54,2023,6,"Bulkley Valley",4,2
54,2023,7,"Bulkley Valley",34656,26
54,2023,8,"Bulkley Valley",293,7
54,2023,9,"Bulkley Valley",0,0
54,2024,5,"Bulkley Valley",6,1
54,2024,6,"Bulkley Valley",3,2
54,2024,7,"Bulkley Valley",59982,3
54,2024,8,"Bulkley Valley",1571,6
54,2024,9,"Bulkley Valley",0,0
57,2017,5,"Prince George",696,3
57,2017,6,"Prince George",2283,6
57,2017,7,"Prince George",435078,26
57,2017,8,"Prince George",1009,12
57,2017,9,"Prince George",147,3
57,2018,5,"Prince George",349,3
57,2018,6,"Prince George",2355,17
57,2018,7,"Prince George",82765,33
57,2018,8,"Prince George",33239,30
57,2018,9,"Prince George",117,4
57,2019,5,"Prince George",17,4
57,2019,6,"Prince George",78,4
57,2019,7,"Prince George",0,0
57,2019,8,"Prince George",0,0
57,2019,9,"Prince George",0,0
57,2020,5,"Prince George",27,4
57,2020,6,"Prince George",0,0
57,2020,7,"Prince George",0,0
57,2020,8,"Prince George",7,1
57,2020,9,"Prince George",0,0
57,2021,5,"Prince George",252,3
57,2021,6,"Prince George",28109,14
57,2021,7,"Prince George",21271,39
57,2021,8,"Prince George",7097,11
57,2021,9,"Prince George",0,0
57,2022,5,"Prince George",0,0
57,2022,6,"Prince George",1581,4
57,2022,7,"Prince George",15,2
57,2022,8,"Prince George",29849,14
57,2022,9,"Prince George",1474,5
57,2023,5,"Prince George",4148,16
57,2023,6,"Prince George",177520,15
57,2023,7,"Prince George",108789,65
57,2023,8,"Prince George",294,5
57,2023,9,"Prince George",55,4
57,2024,5,"Prince George",197,2
57,2024,6,"Prince George",463,2
57,2024,7,"Prince George",23140,54
57,2024,8,"Prince George",1083,11
57,2024,9,"Prince George",25,1
58,2017,5,"Nicola-Similkameen",12,3
58,2017,6,"Nicola-Similkameen",304,3
58,2017,7,"Nicola-Similkameen",195238,15
58,2017,8,"Nicola-Similkameen",505,6
58,2017,9,"Nicola-Similkameen",2192,6
58,2018,5,"Nicola-Similkameen",413,7
58,2018,6,"Nicola-Similkameen",84,8
58,2018,7,"Nicola-Similkameen",37309,26
58,2018,8,"Nicola-Similkameen",10496,19
58,2018,9,"Nicola-Similkameen",0,0
58,2019,5,"Nicola-Similkameen",1088,6
58,2019,6,"Nicola-Similkameen",5,2
58,2019,7,"Nicola-Similkameen",0,0
58,2019,8,"Nicola-Similkameen",55,3
58,2019,9,"Nicola-Similkameen",29,6
58,2020,5,"Nicola-Similkameen",6,3
58,2020,6,"Nicola-Similkameen",2,1
58,2020,7,"Nicola-Similkameen",39,3
58,2020,8,"Nicola-Similkameen",2083,11
58,2020,9,"Nicola-Similkameen",27,1
58,2021,5,"Nicola-Similkameen",30,5
58,2021,6,"Nicola-Similkameen",168035,13
58,2021,7,"Nicola-Similkameen",178262,34
58,2021,8,"Nicola-Similkameen",1269,8
58,2021,9,"Nicola-Similkameen",177,4
58,2022,5,"Nicola-Similkameen",27,4
58,2022,6,"Nicola-Similkameen",4,1
58,2022,7,"Nicola-Similkameen",11124,12
58,2022,8,"Nicola-Similkameen",7102,22
58,2022,9,"Nicola-Similkameen",1125,7
58,2023,5,"Nicola-Similkameen",5,1
58,2023,6,"Nicola-Similkameen",46,4
58,2023,7,"Nicola-Similkameen",120550,26
58,2023,8,"Nicola-Similkameen",2436,10
58,2023,9,"Nicola-Similkameen",616,2
58,2024,5,"Nicola-Similkameen",77,4
58,2024,6,"Nicola-Similkameen",1,1
58,2024,7,"Nicola-Similkameen",27105,18
58,2024,8,"Nicola-Similkameen",884,7
58,2024,9,"Nicola-Similkameen",0,0
59,2017,5,"Peace River South",6,1
59,2017,6,"Peace River South",30,2
59,2017,7,"Peace River South",0,0
59,2017,8,"Peace River South",375,5
59,2017,9,"Peace River South",58,1
59,2018,5,"Peace River South",361,11
59,2018,6,"Peace River South",111,7
59,2018,7,"Peace River South",0,0
59,2018,8,"Peace River South",138,2
59,2018,9,"Peace River South",3,1
59,2019,5,"Peace River South",318,4
59,2019,6,"Peace River South",3,1
59,2019,7,"Peace River South",10,1
59,2019,8,"Peace River South",0,0
59,2019,9,"Peace River South",0,0
59,2020,5,"Peace River South",17,4
59,2020,6,"Peace River South",0,0
59,2020,7,"Peace River South",0,0
59,2020,8,"Peace River South",44,1
59,2020,9,"Peace River South",0,0
59,2021,5,"Peace River South",35,4
59,2021,6,"Peace River South",4451,9
59,2021,7,"Peace River South",225,4
59,2021,8,"Peace River South",9278,6
59,2021,9,"Peace River South",0,0
59,2022,5,"Peace River South",108,3
59,2022,6,"Peace River South",1577,2
59,2022,7,"Peace River South",2,1
59,2022,8,"Peace River South",36197,12
59,2022,9,"Peace River South",1491,7
59,2023,5,"Peace River South",33102,18
59,2023,6,"Peace River South",44308,12
59,2023,7,"Peace River South",1652,14
59,2023,8,"Peace River South",302,2
59,2023,9,"Peace River South",1263,6
59,2024,5,"Peace River South",1035,7
59,2024,6,"Peace River South",99,4
59,2024,7,"Peace River South",773,13
59,2024,8,"Peace River South",46,3
59,2024,9,"Peace River South",78,2
60,2017,5,"Peace River North",9,3
60,2017,6,"Peace River North",9,1
60,2017,7,"Peace River North",0,0
60,2017,8,"Peace River North",164,6
60,2017,9,"Peace River North",232,2
60,2018,5,"Peace River North",25179,26
60,2018,6,"Peace River North",891,16
60,2018,7,"Peace River North",10444,12
60,2018,8,"Peace River North",22189,9
60,2018,9,"Peace River North",0,0
60,2019,5,"Peace River North",1027,10
60,2019,6,"Peace River North",5,1
60,2019,7,"Peace River North",13,2
60,2019,8,"Peace River North",0,0
60,2019,9,"Peace River North",0,0
60,2020,5,"Peace River North",14,3
60,2020,6,"Peace River North",0,0
60,2020,7,"Peace River North",0,0
60,2020,8,"Peace River North",44,1
60,2020,9,"Peace River North",0,0
60,2021,5,"Peace River North",45,5
60,2021,6,"Peace River North",56964,15
60,2021,7,"Peace River North",7815,4
60,2021,8,"Peace River North",2071,3
60,2021,9,"Peace River North",6,1
60,2022,5,"Peace River North",117,3
60,2022,6,"Peace River North",2154,6
60,2022,7,"Peace River North",744,5
60,2022,8,"Peace River North",29721,11
60,2022,9,"Peace River North",2614,8
60,2023,5,"Peace River North",891722,22
60,2023,6,"Peace River North",733124,34
60,2023,7,"Peace River North",7222,17
60,2023,8,"Peace River North",489,3
60,2023,9,"Peace River North",1923,7
60,2024,5,"Peace River North",29242,15
60,2024,6,"Peace River North",1791,9
60,2024,7,"Peace River North",6791,14
60,2024,8,"Peace River North",60,4
60,2024,9,"Peace River North",8,1
61,2017,5,"Victoria",0,0
61,2017,6,"Victoria",2,1
61,2017,7,"Victoria",1,1
61,2017,8,"Victoria",0,0
61,2017,9,"Victoria",0,0
61,2018,5,"Victoria",0,0
61,2018,6,"Victoria",2,1
61,2018,7,"Victoria",83,1
61,2018,8,"Victoria",6,1
61,2018,9,"Victoria",0,0
61,2019,5,"Victoria",3,1
61,2019,6,"Victoria",0,0
61,2019,7,"Victoria",0,0
61,2019,8,"Victoria",0,0
61,2019,9,"Victoria",0,0
61,2020,5,"Victoria",0,0
61,2020,6,"Victoria",0,0
61,2020,7,"Victoria",2,1
61,2020,8,"Victoria",10,4
61,2020,9,"Victoria",0,0
61,2021,5,"Victoria",0,0
61,2021,6,"Victoria",0,0
61,2021,7,"Victoria",0,0
61,2021,8,"Victoria",30,1
61,2021,9,"Victoria",0,0
61,2022,5,"Victoria",0,0
61,2022,6,"Victoria",0,0
61,2022,7,"Victoria",0,0
61,2022,8,"Victoria",0,0
61,2022,9,"Victoria",0,0
61,2023,5,"Victoria",0,0
61,2023,6,"Victoria",0,0
61,2023,7,"Victoria",0,0
61,2023,8,"Victoria",2,1
61,2023,9,"Victoria",0,0
61,2024,5,"Victoria",0,0
61,2024,6,"Victoria",0,0
61,2024,7,"Victoria",158,1
61,2024,8,"Victoria",0,0
61,2024,9,"Victoria",0,0
62,2017,5,"Sooke",0,0
62,2017,6,"Sooke",2,1
62,2017,7,"Sooke",1,1
62,2017,8,"Sooke",0,0
62,2017,9,"Sooke",0,0
62,2018,5,"Sooke",0,0
62,2018,6,"Sooke",2,1
62,2018,7,"Sooke",98,2
62,2018,8,"Sooke",191,2
62,2018,9,"Sooke",0,0
62,2019,5,"Sooke",19,2
62,2019,6,"Sooke",0,0
62,2019,7,"Sooke",0,0
62,2019,8,"Sooke",0,0
62,2019,9,"Sooke",0,0
62,2020,5,"Sooke",0,0
62,2020,6,"Sooke",0,0
62,2020,7,"Sooke",19,2
62,2020,8,"Sooke",17,6
62,2020,9,"Sooke",0,0
62,2021,5,"Sooke",0,0
62,2021,6,"Sooke",0,0
62,2021,7,"Sooke",0,0
62,2021,8,"Sooke",91,2
62,2021,9,"Sooke",0,0
62,2022,5,"Sooke",0,0
62,2022,6,"Sooke",0,0
62,2022,7,"Sooke",0,0
62,2022,8,"Sooke",0,0
62,2022,9,"Sooke",0,0
62,2023,5,"Sooke",0,0
62,2023,6,"Sooke",0,0
62,2023,7,"Sooke",17,1
62,2023,8,"Sooke",14,2
62,2023,9,"Sooke",0,0
62,2024,5,"Sooke",0,0
62,2024,6,"Sooke",0,0
62,2024,7,"Sooke",158,1
62,2024,8,"Sooke",2,1
62,2024,9,"Sooke",1,1
63,2017,5,"Saanich",0,0
63,2017,6,"Saanich",2,1
63,2017,7,"Saanich",1,1
63,2017,8,"Saanich",0,0
63,2017,9,"Saanich",0,0
63,2018,5,"Saanich",0,0
63,2018,6,"Saanich",2,1
63,2018,7,"Saanich",83,1
63,2018,8,"Saanich",6,1
63,2018,9,"Saanich",0,0
63,2019,5,"Saanich",3,1
63,2019,6,"Saanich",0,0
63,2019,7,"Saanich",0,0
63,2019,8,"Saanich",0,0
63,2019,9,"Saanich",0,0
63,2020,5,"Saanich",0,0
63,2020,6,"Saanich",0,0
63,2020,7,"Saanich",2,1
63,2020,8,"Saanich",17,6
63,2020,9,"Saanich",0,0
63,2021,5,"Saanich",0,0
63,2021,6,"Saanich",0,0
63,2021,7,"Saanich",0,0
63,2021,8,"Saanich",91,2
63,2021,9,"Saanich",0,0
63,2022,5,"Saanich",0,0
63,2022,6,"Saanich",0,0
63,2022,7,"Saanich",0,0
63,2022,8,"Saanich",0,0
63,2022,9,"Saanich",0,0
63,2023,5,"Saanich",0,0
63,2023,6,"Saanich",0,0
63,2023,7,"Saanich",0,0
63,2023,8,"Saanich",2,1
63,2023,9,"Saanich",0,0
63,2024,5,"Saanich",0,0
63,2024,6,"Saanich",0,0
63,2024,7,"Saanich",158,1
63,2024,8,"Saanich",0,0
63,2024,9,"Saanich",0,0
64,2017,5,"Gulf Islands",0,0
64,2017,6,"Gulf Islands",2,1
64,2017,7,"Gulf Islands",1,1
64,2017,8,"Gulf Islands",0,0
64,2017,9,"Gulf Islands",0,0
64,2018,5,"Gulf Islands",0,0
64,2018,6,"Gulf Islands",2,1
64,2018,7,"Gulf Islands",96,2
64,2018,8,"Gulf Islands",194,3
64,2018,9,"Gulf Islands",0,0
64,2019,5,"Gulf Islands",3,1
64,2019,6,"Gulf Islands",4,1
64,2019,7,"Gulf Islands",0,0
64,2019,8,"Gulf Islands",0,0
64,2019,9,"Gulf Islands",0,0
64,2020,5,"Gulf Islands",0,0
64,2020,6,"Gulf Islands",0,0
64,2020,7,"Gulf Islands",2,1
64,2020,8,"Gulf Islands",17,6
64,2020,9,"Gulf Islands",0,0
64,2021,5,"Gulf Islands",0,0
64,2021,6,"Gulf Islands",0,0
64,2021,7,"Gulf Islands",0,0
64,2021,8,"Gulf Islands",91,2
64,2021,9,"Gulf Islands",0,0
64,2022,5,"Gulf Islands",0,0
64,2022,6,"Gulf Islands",0,0
64,2022,7,"Gulf Islands",0,0
64,2022,8,"Gulf Islands",0,0
64,2022,9,"Gulf Islands",0,0
64,2023,5,"Gulf Islands",0,0
64,2023,6,"Gulf Islands",0,0
64,2023,7,"Gulf Islands",0,0
64,2023,8,"Gulf Islands",2,1
64,2023,9,"Gulf Islands",0,0
64,2024,5,"Gulf Islands",0,0
64,2024,6,"Gulf Islands",0,0
64,2024,7,"Gulf Islands",165,2
64,2024,8,"Gulf Islands",2,1
64,2024,9,"Gulf Islands",0,0
67,2017,5,"Okanagan-Skaha",1,1
67,2017,6,"Okanagan-Skaha",147,2
67,2017,7,"Okanagan-Skaha",13920,7
67,2017,8,"Okanagan-Skaha",2658,6
67,2017,9,"Okanagan-Skaha",2189,4
67,2018,5,"Okanagan-Skaha",9,2
67,2018,6,"Okanagan-Skaha",13,2
67,2018,7,"Okanagan-Skaha",37467,20
67,2018,8,"Okanagan-Skaha",1961,12
67,2018,9,"Okanagan-Skaha",0,0
67,2019,5,"Okanagan-Skaha",870,2
67,2019,6,"Okanagan-Skaha",11,1
67,2019,7,"Okanagan-Skaha",0,0
67,2019,8,"Okanagan-Skaha",2450,1
67,2019,9,"Okanagan-Skaha",17,4
67,2020,5,"Okanagan-Skaha",0,0
67,2020,6,"Okanagan-Skaha",18,1
67,2020,7,"Okanagan-Skaha",0,0
67,2020,8,"Okanagan-Skaha",2136,8
67,2020,9,"Okanagan-Skaha",27,1
67,2021,5,"Okanagan-Skaha",4,2
67,2021,6,"Okanagan-Skaha",1154,6
67,2021,7,"Okanagan-Skaha",88150,12
67,2021,8,"Okanagan-Skaha",1370,5
67,2021,9,"Okanagan-Skaha",167,2
67,2022,5,"Okanagan-Skaha",0,0
67,2022,6,"Okanagan-Skaha",0,0
67,2022,7,"Okanagan-Skaha",6434,4
67,2022,8,"Okanagan-Skaha",84,3
67,2022,9,"Okanagan-Skaha",99,3
67,2023,5,"Okanagan-Skaha",3,1
67,2023,6,"Okanagan-Skaha",34,1
67,2023,7,"Okanagan-Skaha",55999,12
67,2023,8,"Okanagan-Skaha",1372,3
67,2023,9,"Okanagan-Skaha",616,2
67,2024,5,"Okanagan-Skaha",0,0
67,2024,6,"Okanagan-Skaha",1,1
67,2024,7,"Okanagan-Skaha",4798,7
67,2024,8,"Okanagan-Skaha",68,7
67,2024,9,"Okanagan-Skaha",1,1
68,2017,5,"Nanaimo-Ladysmith",0,0
68,2017,6,"Nanaimo-Ladysmith",17,2
68,2017,7,"Nanaimo-Ladysmith",0,1
68,2017,8,"Nanaimo-Ladysmith",2,2
68,2017,9,"Nanaimo-Ladysmith",0,0
68,2018,5,"Nanaimo-Ladysmith",0,0
68,2018,6,"Nanaimo-Ladysmith",0,0
68,2018,7,"Nanaimo-Ladysmith",28,3
68,2018,8,"Nanaimo-Ladysmith",240,6
68,2018,9,"Nanaimo-Ladysmith",0,0
68,2019,5,"Nanaimo-Ladysmith",15,1
68,2019,6,"Nanaimo-Ladysmith",23,5
68,2019,7,"Nanaimo-Ladysmith",0,0
68,2019,8,"Nanaimo-Ladysmith",7,2
68,2019,9,"Nanaimo-Ladysmith",0,0
68,2020,5,"Nanaimo-Ladysmith",0,0
68,2020,6,"Nanaimo-Ladysmith",0,0
68,2020,7,"Nanaimo-Ladysmith",17,1
68,2020,8,"Nanaimo-Ladysmith",14,4
68,2020,9,"Nanaimo-Ladysmith",0,0
68,2021,5,"Nanaimo-Ladysmith",2,1
68,2021,6,"Nanaimo-Ladysmith",2,1
68,2021,7,"Nanaimo-Ladysmith",0,0
68,2021,8,"Nanaimo-Ladysmith",91,2
68,2021,9,"Nanaimo-Ladysmith",0,0
68,2022,5,"Nanaimo-Ladysmith",0,0
68,2022,6,"Nanaimo-Ladysmith",0,0
68,2022,7,"Nanaimo-Ladysmith",0,0
68,2022,8,"Nanaimo-Ladysmith",6,1
68,2022,9,"Nanaimo-Ladysmith",0,0
68,2023,5,"Nanaimo-Ladysmith",0,0
68,2023,6,"Nanaimo-Ladysmith",200,1
68,2023,7,"Nanaimo-Ladysmith",17,1
68,2023,8,"Nanaimo-Ladysmith",191,2
68,2023,9,"Nanaimo-Ladysmith",0,0
68,2024,5,"Nanaimo-Ladysmith",0,0
68,2024,6,"Nanaimo-Ladysmith",0,1
68,2024,7,"Nanaimo-Ladysmith",7,1
68,2024,8,"Nanaimo-Ladysmith",2,1
68,2024,9,"Nanaimo-Ladysmith",4,3
69,2017,5,"Qualicum",0,0
69,2017,6,"Qualicum",15,1
69,2017,7,"Qualicum",0,1
69,2017,8,"Qualicum",2,2
69,2017,9,"Qualicum",0,0
69,2018,5,"Qualicum",0,0
69,2018,6,"Qualicum",0,0
69,2018,7,"Qualicum",28,3
69,2018,8,"Qualicum",240,6
69,2018,9,"Qualicum",0,0
69,2019,5,"Qualicum",15,1
69,2019,6,"Qualicum",23,5
69,2019,7,"Qualicum",0,0
69,2019,8,"Qualicum",7,2
69,2019,9,"Qualicum",0,0
69,2020,5,"Qualicum",0,0
69,2020,6,"Qualicum",0,0
69,2020,7,"Qualicum",17,1
69,2020,8,"Qualicum",7,2
69,2020,9,"Qualicum",0,0
69,2021,5,"Qualicum",2,1
69,2021,6,"Qualicum",2,1
69,2021,7,"Qualicum",0,0
69,2021,8,"Qualicum",91,2
69,2021,9,"Qualicum",0,0
69,2022,5,"Qualicum",0,0
69,2022,6,"Qualicum",0,0
69,2022,7,"Qualicum",2,1
69,2022,8,"Qualicum",6,1
69,2022,9,"Qualicum",0,0
69,2023,5,"Qualicum",1,1
69,2023,6,"Qualicum",200,1
69,2023,7,"Qualicum",0,0
69,2023,8,"Qualicum",194,3
69,2023,9,"Qualicum",14,1
69,2024,5,"Qualicum",0,0
69,2024,6,"Qualicum",0,1
69,2024,7,"Qualicum",7,1
69,2024,8,"Qualicum",2,1
69,2024,9,"Qualicum",4,3
70,2017,5,"Pacific Rim",0,0
70,2017,6,"Pacific Rim",18,3
70,2017,7,"Pacific Rim",0,1
70,2017,8,"Pacific Rim",2,2
70,2017,9,"Pacific Rim",0,0
70,2018,5,"Pacific Rim",34,1
70,2018,6,"Pacific Rim",3,1
70,2018,7,"Pacific Rim",15,2
70,2018,8,"Pacific Rim",1960,9
70,2018,9,"Pacific Rim",0,0
70,2019,5,"Pacific Rim",18,2
70,2019,6,"Pacific Rim",2,1
70,2019,7,"Pacific Rim",0,0
70,2019,8,"Pacific Rim",3,1
70,2019,9,"Pacific Rim",0,0
70,2020,5,"Pacific Rim",0,0
70,2020,6,"Pacific Rim",0,0
70,2020,7,"Pacific Rim",17,1
70,2020,8,"Pacific Rim",7,2
70,2020,9,"Pacific Rim",0,0
70,2021,5,"Pacific Rim",0,0
70,2021,6,"Pacific Rim",2,1
70,2021,7,"Pacific Rim",0,0
70,2021,8,"Pacific Rim",61,1
70,2021,9,"Pacific Rim",0,0
70,2022,5,"Pacific Rim",0,0
70,2022,6,"Pacific Rim",0,0
70,2022,7,"Pacific Rim",0,0
70,2022,8,"Pacific Rim",547,5
70,2022,9,"Pacific Rim",442,2
70,2023,5,"Pacific Rim",0,0
70,2023,6,"Pacific Rim",200,1
70,2023,7,"Pacific Rim",138,2
70,2023,8,"Pacific Rim",1800,8
70,2023,9,"Pacific Rim",14,1
70,2024,5,"Pacific Rim",0,0
70,2024,6,"Pacific Rim",0,1
70,2024,7,"Pacific Rim",0,0
70,2024,8,"Pacific Rim",2,1
70,2024,9,"Pacific Rim",3,2
71,2017,5,"Comox Valley",1,1
71,2017,6,"Comox Valley",16,2
71,2017,7,"Comox Valley",0,1
71,2017,8,"Comox Valley",2,2
71,2017,9,"Comox Valley",0,0
71,2018,5,"Comox Valley",42,2
71,2018,6,"Comox Valley",0,0
71,2018,7,"Comox Valley",15,2
71,2018,8,"Comox Valley",684,4
71,2018,9,"Comox Valley",0,0
71,2019,5,"Comox Valley",3,1
71,2019,6,"Comox Valley",33,4
71,2019,7,"Comox Valley",0,0
71,2019,8,"Comox Valley",7,2
71,2019,9,"Comox Valley",0,0
71,2020,5,"Comox Valley",0,0
71,2020,6,"Comox Valley",0,0
71,2020,7,"Comox Valley",17,1
71,2020,8,"Comox Valley",0,0
71,2020,9,"Comox Valley",0,0
71,2021,5,"Comox Valley",2,1
71,2021,6,"Comox Valley",2,1
71,2021,7,"Comox Valley",0,0
71,2021,8,"Comox Valley",0,0
71,2021,9,"Comox Valley",0,0
71,2022,5,"Comox Valley",0,0
71,2022,6,"Comox Valley",0,0
71,2022,7,"Comox Valley",2,1
71,2022,8,"Comox Valley",519,4
71,2022,9,"Comox Valley",442,2
71,2023,5,"Comox Valley",1,1
71,2023,6,"Comox Valley",200,1
71,2023,7,"Comox Valley",122,1
71,2023,8,"Comox Valley",1461,7
71,2023,9,"Comox Valley",14,1
71,2024,5,"Comox Valley",0,0
71,2024,6,"Comox Valley",0,1
71,2024,7,"Comox Valley",0,0
71,2024,8,"Comox Valley",0,0
71,2024,9,"Comox Valley",3,2
72,2017,5,"Campbell River",1,1
72,2017,6,"Campbell River",1,1
72,2017,7,"Campbell River",0,1
72,2017,8,"Campbell River",86,2
72,2017,9,"Campbell River",0,0
72,2018,5,"Campbell River",43,3
72,2018,6,"Campbell River",3,1
72,2018,7,"Campbell River",1,1
72,2018,8,"Campbell River",26319,24
72,2018,9,"Campbell River",0,0
72,2019,5,"Campbell River",24,2
72,2019,6,"Campbell River",19,2
72,2019,7,"Campbell River",0,0
72,2019,8,"Campbell River",0,0
72,2019,9,"Campbell River",1,1
72,2020,5,"Campbell River",0,0
72,2020,6,"Campbell River",0,0
72,2020,7,"Campbell River",3,1
72,2020,8,"Campbell River",403,2
72,2020,9,"Campbell River",18,1
72,2021,5,"Campbell River",0,0
72,2021,6,"Campbell River",7,1
72,2021,7,"Campbell River",0,0
72,2021,8,"Campbell River",12,1
72,2021,9,"Campbell River",0,0
72,2022,5,"Campbell River",92,1
72,2022,6,"Campbell River",230,1
72,2022,7,"Campbell River",90,1
72,2022,8,"Campbell River",547,5
72,2022,9,"Campbell River",657,7
72,2023,5,"Campbell River",237,4
72,2023,6,"Campbell River",172,3
72,2023,7,"Campbell River",2311,8
72,2023,8,"Campbell River",17397,17
72,2023,9,"Campbell River",59,2
72,2024,5,"Campbell River",0,0
72,2024,6,"Campbell River",0,0
72,2024,7,"Campbell River",0,0
72,2024,8,"Campbell River",493,3
72,2024,9,"Campbell River",0,0
73,2017,5,"Kamloops-Thompson",582,5
73,2017,6,"Kamloops-Thompson",2364,4
73,2017,7,"Kamloops-Thompson",196202,34
73,2017,8,"Kamloops-Thompson",919,7
73,2017,9,"Kamloops-Thompson",93,4
73,2018,5,"Kamloops-Thompson",2690,8
73,2018,6,"Kamloops-Thompson",98,8
73,2018,7,"Kamloops-Thompson",8146,54
73,2018,8,"Kamloops-Thompson",18516,43
73,2018,9,"Kamloops-Thompson",0,0
73,2019,5,"Kamloops-Thompson",237,7
73,2019,6,"Kamloops-Thompson",76,5
73,2019,7,"Kamloops-Thompson",0,0
73,2019,8,"Kamloops-Thompson",55,3
73,2019,9,"Kamloops-Thompson",0,0
73,2020,5,"Kamloops-Thompson",6,3
73,2020,6,"Kamloops-Thompson",2,1
73,2020,7,"Kamloops-Thompson",32,2
73,2020,8,"Kamloops-Thompson",109,10
73,2020,9,"Kamloops-Thompson",27,1
73,2021,5,"Kamloops-Thompson",247,3
73,2021,6,"Kamloops-Thompson",212941,31
73,2021,7,"Kamloops-Thompson",243866,78
73,2021,8,"Kamloops-Thompson",711,15
73,2021,9,"Kamloops-Thompson",9,2
73,2022,5,"Kamloops-Thompson",30,5
73,2022,6,"Kamloops-Thompson",4,1
73,2022,7,"Kamloops-Thompson",5860,18
73,2022,8,"Kamloops-Thompson",578,26
73,2022,9,"Kamloops-Thompson",90,3
73,2023,5,"Kamloops-Thompson",4788,11
73,2023,6,"Kamloops-Thompson",268,6
73,2023,7,"Kamloops-Thompson",98463,48
73,2023,8,"Kamloops-Thompson",129,14
73,2023,9,"Kamloops-Thompson",3,1
73,2024,5,"Kamloops-Thompson",68,3
73,2024,6,"Kamloops-Thompson",615,3
73,2024,7,"Kamloops-Thompson",42269,74
73,2024,8,"Kamloops-Thompson",1008,17
73,2024,9,"Kamloops-Thompson",25,1
74,2017,5,"Gold Trail",41,3
74,2017,6,"Gold Trail",198,4
74,2017,7,"Gold Trail",403320,12
74,2017,8,"Gold Trail",195,5
74,2017,9,"Gold Trail",3,2
74,2018,5,"Gold Trail",3999,12
74,2018,6,"Gold Trail",69,9
74,2018,7,"Gold Trail",6959,12
74,2018,8,"Gold Trail",6246,16
74,2018,9,"Gold Trail",2,1
74,2019,5,"Gold Trail",215,6
74,2019,6,"Gold Trail",11,4
74,2019,7,"Gold Trail",0,0
74,2019,8,"Gold Trail",56,4
74,2019,9,"Gold Trail",17,5
74,2020,5,"Gold Trail",4,2
74,2020,6,"Gold Trail",2,1
74,2020,7,"Gold Trail",40,4
74,2020,8,"Gold Trail",530,13
74,2020,9,"Gold Trail",18,1
74,2021,5,"Gold Trail",27,3
74,2021,6,"Gold Trail",222348,26
74,2021,7,"Gold Trail",148074,30
74,2021,8,"Gold Trail",94,2
74,2021,9,"Gold Trail",0,0
74,2022,5,"Gold Trail",27,3
74,2022,6,"Gold Trail",5,2
74,2022,7,"Gold Trail",5545,11
74,2022,8,"Gold Trail",10288,33
74,2022,9,"Gold Trail",54,6
74,2023,5,"Gold Trail",509,3
74,2023,6,"Gold Trail",178,5
74,2023,7,"Gold Trail",41775,29
74,2023,8,"Gold Trail",2805,11
74,2023,9,"Gold Trail",202,3
74,2024,5,"Gold Trail",214,5
74,2024,6,"Gold Trail",153,2
74,2024,7,"Gold Trail",24913,29
74,2024,8,"Gold Trail",1931,17
74,2024,9,"Gold Trail",0,0
75,2017,5,"Mission",0,0
75,2017,6,"Mission",0,0
75,2017,7,"Mission",184,3
75,2017,8,"Mission",3,1
75,2017,9,"Mission",1,1
75,2018,5,"Mission",108,2
75,2018,6,"Mission",21,3
75,2018,7,"Mission",14,2
75,2018,8,"Mission",835,2
75,2018,9,"Mission",0,0
75,2019,5,"Mission",0,0
75,2019,6,"Mission",0,0
75,2019,7,"Mission",0,0
75,2019,8,"Mission",0,0
75,2019,9,"Mission",5,1
75,2020,5,"Mission",0,0
75,2020,6,"Mission",0,0
75,2020,7,"Mission",1,1
75,2020,8,"Mission",399,3
75,2020,9,"Mission",2,1
75,2021,5,"Mission",18,1
75,2021,6,"Mission",38,1
75,2021,7,"Mission",1234,5
75,2021,8,"Mission",93,1
75,2021,9,"Mission",0,0
75,2022,5,"Mission",0,0
75,2022,6,"Mission",0,0
75,2022,7,"Mission",0,0
75,2022,8,"Mission",4424,6
75,2022,9,"Mission",580,2
75,2023,5,"Mission",20,2
75,2023,6,"Mission",843,2
75,2023,7,"Mission",14911,8
75,2023,8,"Mission",1032,3
75,2023,9,"Mission",1,1
75,2024,5,"Mission",10,1
75,2024,6,"Mission",0,0
75,2024,7,"Mission",4,3
75,2024,8,"Mission",650,5
75,2024,9,"Mission",0,0
78,2017,5,"Fraser-Cascade",6,1
78,2017,6,"Fraser-Cascade",3,1
78,2017,7,"Fraser-Cascade",14025,6
78,2017,8,"Fraser-Cascade",10,3
78,2017,9,"Fraser-Cascade",1,2
78,2018,5,"Fraser-Cascade",1473,8
78,2018,6,"Fraser-Cascade",36,9
78,2018,7,"Fraser-Cascade",17001,4
78,2018,8,"Fraser-Cascade",8535,8
78,2018,9,"Fraser-Cascade",0,0
78,2019,5,"Fraser-Cascade",2,1
78,2019,6,"Fraser-Cascade",0,0
78,2019,7,"Fraser-Cascade",0,0
78,2019,8,"Fraser-Cascade",8,1
78,2019,9,"Fraser-Cascade",21,5
78,2020,5,"Fraser-Cascade",0,0
78,2020,6,"Fraser-Cascade",2,1
78,2020,7,"Fraser-Cascade",37,3
78,2020,8,"Fraser-Cascade",555,11
78,2020,9,"Fraser-Cascade",2,1
78,2021,5,"Fraser-Cascade",20,2
78,2021,6,"Fraser-Cascade",81124,4
78,2021,7,"Fraser-Cascade",36202,12
78,2021,8,"Fraser-Cascade",102,3
78,2021,9,"Fraser-Cascade",0,0
78,2022,5,"Fraser-Cascade",24,2
78,2022,6,"Fraser-Cascade",4,1
78,2022,7,"Fraser-Cascade",4387,2
78,2022,8,"Fraser-Cascade",11914,18
78,2022,9,"Fraser-Cascade",1073,7
78,2023,5,"Fraser-Cascade",39,3
78,2023,6,"Fraser-Cascade",843,2
78,2023,7,"Fraser-Cascade",57413,20
78,2023,8,"Fraser-Cascade",3610,11
78,2023,9,"Fraser-Cascade",1,1
78,2024,5,"Fraser-Cascade",68,4
78,2024,6,"Fraser-Cascade",0,0
78,2024,7,"Fraser-Cascade",27072,11
78,2024,8,"Fraser-Cascade",1406,10
78,2024,9,"Fraser-Cascade",0,0
79,2017,5,"Cowichan",0,0
79,2017,6,"Cowichan",17,2
79,2017,7,"Cowichan",1,1
79,2017,8,"Cowichan",2,2
79,2017,9,"Cowichan",0,0
79,2018,5,"Cowichan",0,0
79,2018,6,"Cowichan",2,1
79,2018,7,"Cowichan",111,4
79,2018,8,"Cowichan",240,6
79,2018,9,"Cowichan",0,0
79,2019,5,"Cowichan",19,2
79,2019,6,"Cowichan",2,1
79,2019,7,"Cowichan",0,0
79,2019,8,"Cowichan",3,1
79,2019,9,"Cowichan",0,0
79,2020,5,"Cowichan",0,0
79,2020,6,"Cowichan",0,0
79,2020,7,"Cowichan",19,2
79,2020,8,"Cowichan",17,6
79,2020,9,"Cowichan",0,0
79,2021,5,"Cowichan",0,0
79,2021,6,"Cowichan",2,1
79,2021,7,"Cowichan",0,0
79,2021,8,"Cowichan",91,2
79,2021,9,"Cowichan",0,0
79,2022,5,"Cowichan",0,0
79,2022,6,"Cowichan",0,0
79,2022,7,"Cowichan",0,0
79,2022,8,"Cowichan",6,1
79,2022,9,"Cowichan",0,0
79,2023,5,"Cowichan",0,0
79,2023,6,"Cowichan",200,1
79,2023,7,"Cowichan",17,1
79,2023,8,"Cowichan",14,2
79,2023,9,"Cowichan",0,0
79,2024,5,"Cowichan",0,0
79,2024,6,"Cowichan",0,1
79,2024,7,"Cowichan",165,2
79,2024,8,"Cowichan",2,1
79,2024,9,"Cowichan",3,2
81,2017,5,"Fort Nelson",61,7
81,2017,6,"Fort Nelson",4,2
81,2017,7,"Fort Nelson",0,0
81,2017,8,"Fort Nelson",3183,3
81,2017,9,"Fort Nelson",531,5
81,2018,5,"Fort Nelson",7126,11
81,2018,6,"Fort Nelson",6144,20
81,2018,7,"Fort Nelson",62224,13
81,2018,8,"Fort Nelson",130707,14
81,2018,9,"Fort Nelson",0,0
81,2019,5,"Fort Nelson",7553,10
81,2019,6,"Fort Nelson",53,5
81,2019,7,"Fort Nelson",21,4
81,2019,8,"Fort Nelson",0,0
81,2019,9,"Fort Nelson",0,0
81,2020,5,"Fort Nelson",0,0
81,2020,6,"Fort Nelson",8,2
81,2020,7,"Fort Nelson",0,0
81,2020,8,"Fort Nelson",0,0
81,2020,9,"Fort Nelson",0,0
81,2021,5,"Fort Nelson",0,0
81,2021,6,"Fort Nelson",8863,13
81,2021,7,"Fort Nelson",434,1
81,2021,8,"Fort Nelson",848,5
81,2021,9,"Fort Nelson",6,1
81,2022,5,"Fort Nelson",249,1
81,2022,6,"Fort Nelson",1584,5
81,2022,7,"Fort Nelson",1029,11
81,2022,8,"Fort Nelson",0,0
81,2022,9,"Fort Nelson",0,0
81,2023,5,"Fort Nelson",1102559,6
81,2023,6,"Fort Nelson",589805,20
81,2023,7,"Fort Nelson",200701,14
81,2023,8,"Fort Nelson",65854,7
81,2023,9,"Fort Nelson",4814,6
81,2024,5,"Fort Nelson",37839,7
81,2024,6,"Fort Nelson",1728,3
81,2024,7,"Fort Nelson",19920,18
81,2024,8,"Fort Nelson",0,0
81,2024,9,"Fort Nelson",0,0
82,2017,5,"Coast Mountains",0,0
82,2017,6,"Coast Mountains",0,0
82,2017,7,"Coast Mountains",133,2
82,2017,8,"Coast Mountains",0,0
82,2017,9,"Coast Mountains",0,0
82,2018,5,"Coast Mountains",80,3
82,2018,6,"Coast Mountains",11,3
82,2018,7,"Coast Mountains",128738,7
82,2018,8,"Coast Mountains",118420,12
82,2018,9,"Coast Mountains",0,0
82,2019,5,"Coast Mountains",19,3
82,2019,6,"Coast Mountains",1,1
82,2019,7,"Coast Mountains",438,5
82,2019,8,"Coast Mountains",44,1
82,2019,9,"Coast Mountains",0,0
82,2020,5,"Coast Mountains",40,1
82,2020,6,"Coast Mountains",0,0
82,2020,7,"Coast Mountains",0,0
82,2020,8,"Coast Mountains",6,1
82,2020,9,"Coast Mountains",0,0
82,2021,5,"Coast Mountains",4,1
82,2021,6,"Coast Mountains",0,0
82,2021,7,"Coast Mountains",85,1
82,2021,8,"Coast Mountains",0,0
82,2021,9,"Coast Mountains",0,0
82,2022,5,"Coast Mountains",0,0
82,2022,6,"Coast Mountains",9,2
82,2022,7,"Coast Mountains",9,2
82,2022,8,"Coast Mountains",459,9
82,2022,9,"Coast Mountains",0,0
82,2023,5,"Coast Mountains",19,3
82,2023,6,"Coast Mountains",14082,4
82,2023,7,"Coast Mountains",18759,35
82,2023,8,"Coast Mountains",894,6
82,2023,9,"Coast Mountains",12,1
82,2024,5,"Coast Mountains",0,0
82,2024,6,"Coast Mountains",4,3
82,2024,7,"Coast Mountains",60804,6
82,2024,8,"Coast Mountains",3925,7
82,2024,9,"Coast Mountains",0,0
83,2017,5,"Okanagan-Shuswap",6,2
83,2017,6,"Okanagan-Shuswap",4,2
83,2017,7,"Okanagan-Shuswap",1452,18
83,2017,8,"Okanagan-Shuswap",218,6
83,2017,9,"Okanagan-Shuswap",1,1
83,2018,5,"Okanagan-Shuswap",6,2
83,2018,6,"Okanagan-Shuswap",0,0
83,2018,7,"Okanagan-Shuswap",6017,38
83,2018,8,"Okanagan-Shuswap",4227,42
83,2018,9,"Okanagan-Shuswap",0,0
83,2019,5,"Okanagan-Shuswap",22,1
83,2019,6,"Okanagan-Shuswap",7,3
83,2019,7,"Okanagan-Shuswap",0,0
83,2019,8,"Okanagan-Shuswap",0,0
83,2019,9,"Okanagan-Shuswap",5,1
83,2020,5,"Okanagan-Shuswap",4,2
83,2020,6,"Okanagan-Shuswap",0,0
83,2020,7,"Okanagan-Shuswap",0,0
83,2020,8,"Okanagan-Shuswap",91,7
83,2020,9,"Okanagan-Shuswap",27,1
83,2021,5,"Okanagan-Shuswap",1,1
83,2021,6,"Okanagan-Shuswap",87940,7
83,2021,7,"Okanagan-Shuswap",118196,61
83,2021,8,"Okanagan-Shuswap",347,11
83,2021,9,"Okanagan-Shuswap",9,2
83,2022,5,"Okanagan-Shuswap",0,1
83,2022,6,"Okanagan-Shuswap",0,0
83,2022,7,"Okanagan-Shuswap",593,11
83,2022,8,"Okanagan-Shuswap",1976,26
83,2022,9,"Okanagan-Shuswap",421,3
83,2023,5,"Okanagan-Shuswap",1022,6
83,2023,6,"Okanagan-Shuswap",3,1
83,2023,7,"Okanagan-Shuswap",60631,27
83,2023,8,"Okanagan-Shuswap",54,13
83,2023,9,"Okanagan-Shuswap",3,1
83,2024,5,"Okanagan-Shuswap",14,1
83,2024,6,"Okanagan-Shuswap",463,1
83,2024,7,"Okanagan-Shuswap",5169,40
83,2024,8,"Okanagan-Shuswap",1099,10
83,2024,9,"Okanagan-Shuswap",0,0
84,2017,5,"Vancouver Island West",0,0
84,2017,6,"Vancouver Island West",1,1
84,2017,7,"Vancouver Island West",9,2
84,2017,8,"Vancouver Island West",86,2
84,2017,9,"Vancouver Island West",0,0
84,2018,5,"Vancouver Island West",34,1
84,2018,6,"Vancouver Island West",3,1
84,2018,7,"Vancouver Island West",0,0
84,2018,8,"Vancouver Island West",5175,29
84,2018,9,"Vancouver Island West",0,0
84,2019,5,"Vancouver Island West",24,2
84,2019,6,"Vancouver Island West",2,1
84,2019,7,"Vancouver Island West",0,0
84,2019,8,"Vancouver Island West",0,1
84,2019,9,"Vancouver Island West",0,0
84,2020,5,"Vancouver Island West",0,0
84,2020,6,"Vancouver Island West",0,0
84,2020,7,"Vancouver Island West",0,0
84,2020,8,"Vancouver Island West",0,0
84,2020,9,"Vancouver Island West",0,0
84,2021,5,"Vancouver Island West",0,0
84,2021,6,"Vancouver Island West",0,0
84,2021,7,"Vancouver Island West",0,0
84,2021,8,"Vancouver Island West",0,0
84,2021,9,"Vancouver Island West",0,0
84,2022,5,"Vancouver Island West",0,0
84,2022,6,"Vancouver Island West",0,0
84,2022,7,"Vancouver Island West",0,0
84,2022,8,"Vancouver Island West",540,4
84,2022,9,"Vancouver Island West",450,3
84,2023,5,"Vancouver Island West",231,2
84,2023,6,"Vancouver Island West",11,2
84,2023,7,"Vancouver Island West",124,2
84,2023,8,"Vancouver Island West",1950,9
84,2023,9,"Vancouver Island West",14,1
84,2024,5,"Vancouver Island West",0,0
84,2024,6,"Vancouver Island West",0,0
84,2024,7,"Vancouver Island West",0,0
84,2024,8,"Vancouver Island West",0,0
84,2024,9,"Vancouver Island West",0,0
85,2017,5,"Vancouver Island North",0,0
85,2017,6,"Vancouver Island North",0,0
85,2017,7,"Vancouver Island North",31288,4
85,2017,8,"Vancouver Island North",85,1
85,2017,9,"Vancouver Island North",0,0
85,2018,5,"Vancouver Island North",35,2
85,2018,6,"Vancouver Island North",95,2
85,2018,7,"Vancouver Island North",8887,1
85,2018,8,"Vancouver Island North",27055,38
85,2018,9,"Vancouver Island North",0,0
85,2019,5,"Vancouver Island North",21,1
85,2019,6,"Vancouver Island North",0,0
85,2019,7,"Vancouver Island North",7,2
85,2019,8,"Vancouver Island North",0,1
85,2019,9,"Vancouver Island North",0,0
85,2020,5,"Vancouver Island North",0,0
85,2020,6,"Vancouver Island North",0,0
85,2020,7,"Vancouver Island North",3,1
85,2020,8,"Vancouver Island North",0,0
85,2020,9,"Vancouver Island North",0,0
85,2021,5,"Vancouver Island North",12,1
85,2021,6,"Vancouver Island North",0,0
85,2021,7,"Vancouver Island North",8563,3
85,2021,8,"Vancouver Island North",12,1
85,2021,9,"Vancouver Island North",0,0
85,2022,5,"Vancouver Island North",0,0
85,2022,6,"Vancouver Island North",230,1
85,2022,7,"Vancouver Island North",90,1
85,2022,8,"Vancouver Island North",534,6
85,2022,9,"Vancouver Island North",622,4
85,2023,5,"Vancouver Island North",236,3
85,2023,6,"Vancouver Island North",12,3
85,2023,7,"Vancouver Island North",8812,13
85,2023,8,"Vancouver Island North",17444,15
85,2023,9,"Vancouver Island North",0,0
85,2024,5,"Vancouver Island North",0,0
85,2024,6,"Vancouver Island North",0,0
85,2024,7,"Vancouver Island North",0,0
85,2024,8,"Vancouver Island North",0,0
85,2024,9,"Vancouver Island North",0,0
87,2017,5,"Stikine",0,0
87,2017,6,"Stikine",0,0
87,2017,7,"Stikine",0,0
87,2017,8,"Stikine",15,1
87,2017,9,"Stikine",174,1
87,2018,5,"Stikine",447,4
87,2018,6,"Stikine",0,0
87,2018,7,"Stikine",65490,8
87,2018,8,"Stikine",214009,14
87,2018,9,"Stikine",0,0
87,2019,5,"Stikine",2201,4
87,2019,6,"Stikine",0,0
87,2019,7,"Stikine",1836,9
87,2019,8,"Stikine",4959,2
87,2019,9,"Stikine",0,0
87,2020,5,"Stikine",0,0
87,2020,6,"Stikine",0,0
87,2020,7,"Stikine",0,0
87,2020,8,"Stikine",0,0
87,2020,9,"Stikine",0,0
87,2021,5,"Stikine",0,0
87,2021,6,"Stikine",90,1
87,2021,7,"Stikine",15168,3
87,2021,8,"Stikine",0,0
87,2021,9,"Stikine",6,1
87,2022,5,"Stikine",0,0
87,2022,6,"Stikine",12940,9
87,2022,7,"Stikine",1125,13
87,2022,8,"Stikine",5,1
87,2022,9,"Stikine",2592,2
87,2023,5,"Stikine",21787,1
87,2023,6,"Stikine",51291,10
87,2023,7,"Stikine",51931,8
87,2023,8,"Stikine",11211,4
87,2023,9,"Stikine",1260,2
87,2024,5,"Stikine",0,0
87,2024,6,"Stikine",5,1
87,2024,7,"Stikine",17013,8
87,2024,8,"Stikine",0,0
87,2024,9,"Stikine",0,0
91,2017,5,"Nechako Lakes",158,3
91,2017,6,"Nechako Lakes",121,6
91,2017,7,"Nechako Lakes",446007,30
91,2017,8,"Nechako Lakes",52,4
91,2017,9,"Nechako Lakes",0,0
91,2018,5,"Nechako Lakes",438,9
91,2018,6,"Nechako Lakes",3654,27
91,2018,7,"Nechako Lakes",317220,34
91,2018,8,"Nechako Lakes",182483,28
91,2018,9,"Nechako Lakes",27,4
91,2019,5,"Nechako Lakes",343,6
91,2019,6,"Nechako Lakes",14,4
91,2019,7,"Nechako Lakes",35,2
91,2019,8,"Nechako Lakes",0,0
91,2019,9,"Nechako Lakes",0,0
91,2020,5,"Nechako Lakes",17,3
91,2020,6,"Nechako Lakes",0,0
91,2020,7,"Nechako Lakes",0,0
91,2020,8,"Nechako Lakes",6,1
91,2020,9,"Nechako Lakes",0,0
91,2021,5,"Nechako Lakes",4,1
91,2021,6,"Nechako Lakes",73224,10
91,2021,7,"Nechako Lakes",40971,21
91,2021,8,"Nechako Lakes",283,12
91,2021,9,"Nechako Lakes",0,0
91,2022,5,"Nechako Lakes",2,1
91,2022,6,"Nechako Lakes",6,3
91,2022,7,"Nechako Lakes",712,3
91,2022,8,"Nechako Lakes",524,18
91,2022,9,"Nechako Lakes",36,2
91,2023,5,"Nechako Lakes",288,13
91,2023,6,"Nechako Lakes",195431,20
91,2023,7,"Nechako Lakes",267793,107
91,2023,8,"Nechako Lakes",2762,18
91,2023,9,"Nechako Lakes",35,3
91,2024,5,"Nechako Lakes",72,4
91,2024,6,"Nechako Lakes",43,5
91,2024,7,"Nechako Lakes",95605,19
91,2024,8,"Nechako Lakes",5482,18
91,2024,9,"Nechako Lakes",0,0
92,2017,5,"Nisgaa",0,0
92,2017,6,"Nisgaa",0,0
92,2017,7,"Nisgaa",0,0
92,2017,8,"Nisgaa",0,0
92,2017,9,"Nisgaa",0,0
92,2018,5,"Nisgaa",77,2
92,2018,6,"Nisgaa",2,1
92,2018,7,"Nisgaa",12,1
92,2018,8,"Nisgaa",357,1
92,2018,9,"Nisgaa",0,0
92,2019,5,"Nisgaa",0,0
92,2019,6,"Nisgaa",1,1
92,2019,7,"Nisgaa",0,0
92,2019,8,"Nisgaa",0,0
92,2019,9,"Nisgaa",0,0
92,2020,5,"Nisgaa",0,0
92,2020,6,"Nisgaa",0,0
92,2020,7,"Nisgaa",0,0
92,2020,8,"Nisgaa",0,0
92,2020,9,"Nisgaa",0,0
92,2021,5,"Nisgaa",0,0
92,2021,6,"Nisgaa",0,0
92,2021,7,"Nisgaa",0,0
92,2021,8,"Nisgaa",0,0
92,2021,9,"Nisgaa",0,0
92,2022,5,"Nisgaa",0,0
92,2022,6,"Nisgaa",0,0
92,2022,7,"Nisgaa",8,1
92,2022,8,"Nisgaa",55,2
92,2022,9,"Nisgaa",0,0
92,2023,5,"Nisgaa",0,0
92,2023,6,"Nisgaa",0,0
92,2023,7,"Nisgaa",402,7
92,2023,8,"Nisgaa",10,1
92,2023,9,"Nisgaa",0,0
92,2024,5,"Nisgaa",0,0
92,2024,6,"Nisgaa",4,2
92,2024,7,"Nisgaa",228,2
92,2024,8,"Nisgaa",0,0
92,2024,9,"Nisgaa",0,0
